full_name,lfm,mpa
Abies concolor,162.1785962,-0.42
Abies concolor,178.2877142,-1.61
Abies concolor,167.2043023,-2.14
Abies concolor,201.8732493,-2.12
Abies concolor,198.9374419,-2.38
Abies concolor,187.0168753,-2.38
Abies concolor,162.739726,-2.65
Abies concolor,166.3409338,-2.79
Abies concolor,135.3348159,-3.59
Abies concolor,205.2643205,-0.32
Abies concolor,210.1469365,-0.701
Abies concolor,188.1926121,-2.37
Abies concolor,175.3819444,-2.79
Abies concolor,174.0766551,-2.58
Abies concolor,104.6282723,-3.04
Abies concolor,145.0300382,-3.1
Abies concolor,187.6981582,-1.16
Abies concolor,173.4779316,-1.84
Abies concolor,169.922875,-2.01
Abies concolor,206.6450567,-2.56
Abies concolor,169.1472868,-3.14
Abies concolor,191.0258443,-3.03
Abies concolor,137.8303199,-2.84
Abies concolor,132.9084617,-3.78
Abies concolor,175.3002493,-3.67
Abies concolor,207.7737722,-0.2
Abies concolor,177.6603512,-1.64
Abies concolor,141.3863306,-1.97
Abies concolor,154.3664384,-2.67
Abies concolor,158.4390454,-2.29
Abies concolor,177.4747793,-2.49
Abies concolor,145.0517661,-2.61
Abies concolor,148.1742932,-3.05
Abies concolor,126.2844117,-4.1
Abies concolor,189.6153846,-0.16
Abies concolor,205.0323019,-1.201
Abies concolor,140.3555219,-1.85
Abies concolor,116.0660009,-2.72
Abies concolor,128.9834322,-3.53
Abies concolor,106.3474692,-2.85
Abies concolor,94.81403876,-4.11
Abies concolor,103.1875942,-5
Abies concolor,184.3627111,-0.76
Abies concolor,198.6086394,-1.74
Abies concolor,144.6277719,-2.1
Abies concolor,134.08354,-2.57
Abies concolor,193.2124789,-2.47
Abies concolor,142.962963,-3.59
Abies concolor,137.5931842,-3.57
Abies concolor,64.02977324,-2.98
Abies concolor,200.5041275,-0.507
Abies concolor,195.2304823,-2.15
Abies concolor,127.5502008,-2.48
Abies concolor,146.6471647,-2.63
Abies concolor,180.2199504,-2.81
Abies concolor,164.8465608,-3.01
Abies concolor,130.7855626,-3.49
Abies concolor,122.6068861,-4.22
Abies concolor,96.00725953,-4.15
Abies concolor,204.3324143,-0.376
Abies concolor,165.5278671,-1.85
Abies concolor,171.639314,-2.25
Abies concolor,134.8829649,-2.82
Abies concolor,156.6975735,-3.23
Abies concolor,130.9961608,-2.58
Abies concolor,131.8219983,-3.57
Abies concolor,122.1341688,-6.56
Abies concolor,94.69633066,-3.67
Abies concolor,204.6369576,-0.35
Abies concolor,181.6336498,-1.45
Abies concolor,204.7480971,-1.87
Abies concolor,179.6232339,-2.83
Abies concolor,202.7293578,-2.24
Abies concolor,181.5919108,-2.63
Abies concolor,132.9230027,-2.94
Abies concolor,118.0126404,-3.3
Abies concolor,199.827175,-0.58
Abies concolor,190.20761,-1.04
Abies concolor,191.5220734,-2.27
Abies concolor,183.1168831,-2.35
Abies concolor,182.2355289,-2.59
Abies concolor,132.3705926,-3.04
Abies concolor,82.19792543,-3.01
Abies concolor,68.47532531,-3.9
Arctostaphylos patula,157.5600044,-0.41
Arctostaphylos patula,109.2073083,-3.35
Arctostaphylos patula,150.6759752,-2.48
Arctostaphylos patula,120.0689655,-2.9
Arctostaphylos patula,126.9057003,-2.78
Arctostaphylos patula,97.76691332,-3.72
Arctostaphylos patula,88.32599119,-4.22
Arctostaphylos patula,82.15291541,-4.63
Arctostaphylos patula,83.25486503,-4.63
Arctostaphylos patula,77.78140649,-2.16
Arctostaphylos patula,150.4260837,-0.18
Arctostaphylos patula,164.7253077,-0.31
Arctostaphylos patula,147.8250478,-2.25
Arctostaphylos patula,140.4229789,-2.35
Arctostaphylos patula,119.5346916,-2.8
Arctostaphylos patula,74.10898061,-4.26
Arctostaphylos patula,102.9557974,-3.35
Arctostaphylos patula,99.54611474,-6.79
Arctostaphylos patula,55.59313844,-6.79
Arctostaphylos patula,157.7175052,-0.19
Arctostaphylos patula,148.4481648,-2.15
Arctostaphylos patula,139.433123,-2.18
Arctostaphylos patula,134.4500965,-2.67
Arctostaphylos patula,126.3786654,-2.87
Arctostaphylos patula,98.96834701,-3.64
Arctostaphylos patula,87.44351194,-4.59
Arctostaphylos patula,127.7843837,-4.12
Arctostaphylos patula,85.71428571,-4.12
Arctostaphylos patula,72.48438014,-5.11
Arctostaphylos patula,111.719773,-0.17
Arctostaphylos patula,142.5697185,-1.63
Arctostaphylos patula,117.0065859,-3.08
Arctostaphylos patula,95.08404329,-3.59
Arctostaphylos patula,100.0726348,-3.46
Arctostaphylos patula,83.31329647,-4.24
Arctostaphylos patula,89.91139241,-4.27
Arctostaphylos patula,82.3947439,-5.03
Arctostaphylos patula,76.55976676,-5.03
Arctostaphylos patula,62.75780011,-5.07
Arctostaphylos patula,168.8891158,-0.15
Arctostaphylos patula,152.1297863,-0.39
Arctostaphylos patula,144.7628709,-2.09
Arctostaphylos patula,121.0526316,-2.47
Arctostaphylos patula,134.4530103,-2.58
Arctostaphylos patula,80.8481153,-3.97
Arctostaphylos patula,96.01059685,-3.82
Arctostaphylos patula,107.1712514,-4.38
Arctostaphylos patula,91.54405821,-4.38
Arctostaphylos patula,67.70623742,-5.74
Arctostaphylos patula,153.5424417,-0.16
Arctostaphylos patula,144.3288963,-0.43
Arctostaphylos patula,148.3551468,-1.77
Arctostaphylos patula,123.9642907,-2.45
Arctostaphylos patula,116.727789,-2.86
Arctostaphylos patula,108.0592641,-3.02
Arctostaphylos patula,103.3068182,-3.67
Arctostaphylos patula,93.244916,-3.88
Arctostaphylos patula,96.06466145,-3.88
Arctostaphylos patula,74.94269088,-5.67
Arctostaphylos patula,168.7275693,-0.26
Arctostaphylos patula,161.1650485,-0.58
Arctostaphylos patula,143.883618,-2.35
Arctostaphylos patula,138.4823306,-2.56
Arctostaphylos patula,136.2260343,-2.72
Arctostaphylos patula,125.7740826,-2.92
Arctostaphylos patula,110.5281445,-3.49
Arctostaphylos patula,105.7521087,-3.47
Arctostaphylos patula,107.6923077,-3.47
Arctostaphylos patula,137.4429224,-5.06
Arctostaphylos patula,141.6278468,-2.61
Arctostaphylos patula,41.59527668,-4.45
Arctostaphylos patula,87.82769373,-3.57
Arctostaphylos patula,159.3971631,-0.56
Arctostaphylos patula,136.47252,-2.18
Arctostaphylos patula,146.9157695,-2.19
Arctostaphylos patula,138.2918817,-2.46
Arctostaphylos patula,131.2470477,-2.67
Arctostaphylos patula,78.83763031,-3.55
Arctostaphylos patula,95.48599671,-4
Arctostaphylos patula,100.253841,-5
Arctostaphylos patula,92.23529412,-6
Arctostaphylos patula,58.40418574,-6.87
Arctostaphylos patula,159.6474512,-0.19
Arctostaphylos patula,181.8249813,-0.27
Arctostaphylos patula,141.29135110000001,-2.57
Arctostaphylos patula,117.1343168,-2.46
Arctostaphylos patula,107.7456176,-3.19
Arctostaphylos patula,113.0981346,-3.72
Arctostaphylos patula,97.09805071,-6.08
Arctostaphylos patula,71.14675516,-5.8
Arctostaphylos patula,72.80751174,-5.8
Arctostaphylos patula,186.2572704,-0.52
Arctostaphylos patula,71.26269956,-0.98
Arctostaphylos patula,142.8754649,-2.65
Arctostaphylos patula,137.8467258,-2.52
Arctostaphylos patula,140.842598,-2.86
Arctostaphylos patula,121.0856359,-3.45
Arctostaphylos patula,121.506155,-4.04
Arctostaphylos patula,101.8859502,-3.56
Arctostaphylos patula,117.7703052,-3.56
Arctostaphylos patula,110.9399529,-3.96
Arctostaphylos patula,101.2555425,-4.11
Arctostaphylos patula,166.225416,-0.21
Arctostaphylos patula,154.3099153,-1.71
Arctostaphylos patula,154.3099153,-1.71
Arctostaphylos patula,144.4877626,-2.38
Arctostaphylos patula,148.2751975,-2.53
Arctostaphylos patula,129.9749373,-2.97
Arctostaphylos patula,117.5473427,-3.32
Arctostaphylos patula,109.5771902,-4.1
Arctostaphylos patula,96,-4.4
Arctostaphylos patula,98.64378633,-4.4
Arctostaphylos patula,87.36756316,-4.95
Calocedrus decurrens,135.4625299,-0.78
Calocedrus decurrens,112.6710199,-1.59
Calocedrus decurrens,103.968458,-2.13
Calocedrus decurrens,99.36956892,-1.87
Calocedrus decurrens,106.8426777,-1.8
Calocedrus decurrens,124.0368827,-2.4
Calocedrus decurrens,66.45768025,-4.53
Calocedrus decurrens,89.01084192,-3.56
Calocedrus decurrens,136.1993663,-0.46
Calocedrus decurrens,115.3629032,-1.15
Calocedrus decurrens,95.56915545,-1.11
Calocedrus decurrens,110.471365,-1.56
Calocedrus decurrens,128.9367235,-1.54
Calocedrus decurrens,94.20064908,-2.09
Calocedrus decurrens,92.06581353,-2.79
Calocedrus decurrens,90.93294461,-3.35
Calocedrus decurrens,73.5379111,-3.97
Calocedrus decurrens,145.0806452,-0.46
Calocedrus decurrens,98.96336268,-2.07
Calocedrus decurrens,110.9484561,-1.83
Calocedrus decurrens,114.5183901,-1.74
Calocedrus decurrens,103.635514,-2.25
Calocedrus decurrens,109.3186243,-2.46
Calocedrus decurrens,87.22434578,-3.47
Calocedrus decurrens,88.36816551,-3.25
Calocedrus decurrens,55.98762249,-5.59
Calocedrus decurrens,127.4073009,-0.29
Calocedrus decurrens,105.1200243,-1.07
Calocedrus decurrens,101.9001702,-1.45
Calocedrus decurrens,107.8379568,-1.55
Calocedrus decurrens,106.1617599,-1.77
Calocedrus decurrens,107.7445845,-2.16
Calocedrus decurrens,81.75943298,-3.78
Calocedrus decurrens,83.14913162,-4.21
Calocedrus decurrens,128.2804811,-0.54
Calocedrus decurrens,114.6577137,-1.07
Calocedrus decurrens,127.078341,-1.06
Calocedrus decurrens,107.2063179,-1.64
Calocedrus decurrens,107.403278,-1.57
Calocedrus decurrens,93.88598782,-2.37
Calocedrus decurrens,95.25222552,-2.89
Calocedrus decurrens,92.64280274,-3.55
Calocedrus decurrens,76.74121406,-3.99
Calocedrus decurrens,130.6676558,-0.275
Calocedrus decurrens,163.3684475,-0.096
Calocedrus decurrens,106.5063649,-1.54
Calocedrus decurrens,87.55233494,-1.72
Calocedrus decurrens,109.6221601,-1.9
Calocedrus decurrens,99.42903752,-1.89
Calocedrus decurrens,97.23549929,-2.75
Calocedrus decurrens,84.72584856,-3.15
Calocedrus decurrens,80.17332862,-4.08
Calocedrus decurrens,123.5864563,-0.53
Calocedrus decurrens,158.4118439,-2.1
Calocedrus decurrens,130.9708478,-1.69
Calocedrus decurrens,121.664583,-2.31
Calocedrus decurrens,113.5514819,-2.26
Calocedrus decurrens,134.329731,-2.81
Calocedrus decurrens,109.8967514,-3.13
Calocedrus decurrens,78.69944853,-4.33
Calocedrus decurrens,133.1157731,-0.31
Calocedrus decurrens,114.6549276,-1.6
Calocedrus decurrens,110.1706037,-1.64
Calocedrus decurrens,109.5881456,-2.48
Calocedrus decurrens,114.669244,-1.78
Calocedrus decurrens,58.32572298,-1.75
Calocedrus decurrens,99.06379273,-2.95
Calocedrus decurrens,71.26293257,-4.79
Calocedrus decurrens,134.9680171,-0.5
Calocedrus decurrens,143.1248417,-1.19
Calocedrus decurrens,129.9940488,-1.5
Calocedrus decurrens,136.9347079,-1.68
Calocedrus decurrens,139.9946614,-1.86
Calocedrus decurrens,109.7335307,-2.04
Calocedrus decurrens,96.23590162,-2.59
Calocedrus decurrens,108.7252292,-2.58
Calocedrus decurrens,90.79559038,-3.33
Calocedrus decurrens,131.5764595,-0.47
Calocedrus decurrens,96.1532567,-2.1
Calocedrus decurrens,113.2219472,-2.43
Calocedrus decurrens,98.2706002,-2.51
Calocedrus decurrens,129.295087,-1.42
Calocedrus decurrens,94.94329755,-3.11
Calocedrus decurrens,99.63054187,-3.35
Calocedrus decurrens,80.1898473,-4.13
Calocedrus decurrens,150.1568803,-0.43
Calocedrus decurrens,130.6248827,-1.56
Calocedrus decurrens,130.6775669,-1.78
Calocedrus decurrens,118.1771808,-2.06
Calocedrus decurrens,120.6222409,-2.05
Calocedrus decurrens,101.5923567,-3.39
Calocedrus decurrens,113.9964264,-3.51
Calocedrus decurrens,95.55095706,-3.26
Ceanothus cordulatus,141.7239087,-0.362
Ceanothus cordulatus,124.5472219,-0.818
Ceanothus cordulatus,90.54102472,-3.595
Ceanothus cordulatus,125.8802238,-2.148
Ceanothus cordulatus,76.52901786,-4.881
Ceanothus cordulatus,111.7557716,-2.62
Ceanothus cordulatus,91.73422978,-4.09
Ceanothus cordulatus,100.7433921,-3.11
Ceanothus cordulatus,78.97416791,-5.178
Ceanothus cordulatus,103.9255598,-4.22
Ceanothus cordulatus,64.89886925,-6.6
Ceanothus cordulatus,16.26488527,-10
Ceanothus cordulatus,124.6207958,-0.277
Ceanothus cordulatus,110.325857,-1.01
Ceanothus cordulatus,77.67324046,-3.449
Ceanothus cordulatus,88.04333289,-2.132
Ceanothus cordulatus,75.82544893,-4.43
Ceanothus cordulatus,73.13189057,-5.52
Ceanothus cordulatus,71.66561911,-5.18
Ceanothus cordulatus,95.53719008,-2.89
Ceanothus cordulatus,75.92681753,-5.585
Ceanothus cordulatus,34.43126308,-10
Ceanothus cordulatus,108.69038,-0.341
Ceanothus cordulatus,111.2774855,-0.522
Ceanothus cordulatus,81.25556545,-3.611
Ceanothus cordulatus,85.72653761,-1.45
Ceanothus cordulatus,58.23728814,-7.2
Ceanothus cordulatus,108.110287,-2.14
Ceanothus cordulatus,58.76989646,-8.79
Ceanothus cordulatus,59.32062966,-6.753
Ceanothus cordulatus,66.59267481,-7.892
Ceanothus cordulatus,18.84487666,-10
Ceanothus cordulatus,130.3245676,-0.52
Ceanothus cordulatus,111.3232608,-0.904
Ceanothus cordulatus,86.78791121,-3.447
Ceanothus cordulatus,164.8372093,-2.12
Ceanothus cordulatus,78.31392902,-4.59
Ceanothus cordulatus,99.21307506,-2.85
Ceanothus cordulatus,52.74074074,-5.26
Ceanothus cordulatus,100.766931,-2.83
Ceanothus cordulatus,66.83859223,-7.65
Ceanothus cordulatus,77.34610123,-5.901
Ceanothus cordulatus,28.43766439,-10
Ceanothus cordulatus,55.10204082,-7.1
Ceanothus cordulatus,116.3000361,-0.785
Ceanothus cordulatus,113.9186296,-1.579
Ceanothus cordulatus,85.6685633,-3.59
Ceanothus cordulatus,84.50829009,-2.382
Ceanothus cordulatus,98.47625797,-2.84
Ceanothus cordulatus,24.66785372,-7
Ceanothus cordulatus,66.73330002,-6.34
Ceanothus cordulatus,106.9767442,-4.27
Ceanothus cordulatus,61.75991309,-5.773
Ceanothus cordulatus,51.35681293,-10
Ceanothus cordulatus,137.9838577,-0.296
Ceanothus cordulatus,157.0879459,-0.48
Ceanothus cordulatus,93.15051798,-3.409
Ceanothus cordulatus,141.2172573,-1.6
Ceanothus cordulatus,133.110225,-1.86
Ceanothus cordulatus,113.6588659,-2.15
Ceanothus cordulatus,78.36448136,-4.56
Ceanothus cordulatus,56.71369482,-7.589
Ceanothus cordulatus,73.41677564,-3.192
Ceanothus cordulatus,66.62670822,-7.133
Ceanothus cordulatus,25.21434139,-10
Ceanothus cordulatus,168.2665161,-0.262
Ceanothus cordulatus,144.7449072,-1.09
Ceanothus cordulatus,93.70585465,-3.399
Ceanothus cordulatus,78.18088912,-3.89
Ceanothus cordulatus,132.0353494,-0.89
Ceanothus cordulatus,61.75582015,-9.404
Ceanothus cordulatus,73.57939914,-6.18
Ceanothus cordulatus,98.99691358,-7.125
Ceanothus cordulatus,66.79925129,-7.624
Ceanothus cordulatus,99.43526459,-3.11
Ceanothus cordulatus,70.89533417,-6.8
Ceanothus cordulatus,19.08831909,-10
Ceanothus cordulatus,131.9101403,-2.29
Ceanothus cordulatus,161.9336025,-0.398
Ceanothus cordulatus,129.4135898,-1.92
Ceanothus cordulatus,89.453125,-3.287
Ceanothus cordulatus,112.3604201,-2.06
Ceanothus cordulatus,118.2748815,-2.46
Ceanothus cordulatus,112.4637681,-4.473
Ceanothus cordulatus,70.74547075,-5.04
Ceanothus cordulatus,109.114744,-2.89
Ceanothus cordulatus,73.96515679,-4.446
Ceanothus cordulatus,81.08498052,-4.2
Ceanothus cordulatus,63.89259506,-10
Ceanothus cordulatus,70.75812274,-10
Ceanothus cordulatus,131.3861386,-0.61
Ceanothus cordulatus,101.4929577,-1.18
Ceanothus cordulatus,91.03291714,-3.4
Ceanothus cordulatus,215.1101579,-2.43
Ceanothus cordulatus,111.2071258,-2.52
Ceanothus cordulatus,75.441087,-3.381
Ceanothus cordulatus,68.90722747,-6.29
Ceanothus cordulatus,91.94244604,-3.48
Ceanothus cordulatus,121.7470428,-0.815
Ceanothus cordulatus,124.2121685,-1.39
Ceanothus cordulatus,84.76112984,-3.324
Ceanothus cordulatus,29.77279155,-1.76
Ceanothus cordulatus,105.362687,-2.49
Ceanothus cordulatus,75.64591275,-4.421
Ceanothus cordulatus,72.94954434,-5.67
Ceanothus cordulatus,97.81226627,-3.71
Ceanothus cordulatus,55.32338308,-10
Ceanothus cordulatus,141.7786808,-0.33
Ceanothus cordulatus,131.828489,-2.201
Ceanothus cordulatus,95.08781559,-3.954
Ceanothus cordulatus,196.8299712,-2.86
Ceanothus cordulatus,144.4761905,-0.619
Ceanothus cordulatus,59.32230353,-8.135
Ceanothus cordulatus,114.5728643,-2.9
Ceanothus cordulatus,18.31038798,-10
Ceanothus cordulatus,56.37181409,-7.4
Pinus jeffreyii,145.2881464,-0.4
Pinus jeffreyii,175.0470744,-0.263
Pinus jeffreyii,186.3633588,-1.314
Pinus jeffreyii,139.2449906,-1.94
Pinus jeffreyii,153.0059099,-3.098
Pinus jeffreyii,155.4671968,-2.848
Pinus jeffreyii,145.6024931,-3.013
Pinus jeffreyii,158.044272,-3.974
Pinus jeffreyii,135.8449946,-3.962
Pinus jeffreyii,125.1055239,-4.771
Pinus jeffreyii,130.0345773,-3.987
Pinus jeffreyii,153.5171395,-0.35
Pinus jeffreyii,128.9747313,-1.28
Pinus jeffreyii,168.1011703,-0.566
Pinus jeffreyii,121.1967779,-2.621
Pinus jeffreyii,138.1103026,-2.026
Pinus jeffreyii,110.1122826,-2.993
Pinus jeffreyii,109.9528063,-3.122
Pinus jeffreyii,136.8105406,-2.712
Pinus jeffreyii,98.93595528,-3.412
Pinus jeffreyii,88.11457175,-3.862
Pinus jeffreyii,105.7796014,-3.336
Pinus jeffreyii,95.83726719,-3.232
Pinus jeffreyii,163.7583149,-0.2
Pinus jeffreyii,61.96275828,-1.554
Pinus jeffreyii,138.3566458,-1.67
Pinus jeffreyii,147.8950801,-1.47
Pinus jeffreyii,146.1538462,-1.906
Pinus jeffreyii,133.9230031,-2.66
Pinus jeffreyii,135.0599724,-3.364
Pinus jeffreyii,105.0792361,-5.957
Pinus jeffreyii,89.01644431,-3.395
Pinus jeffreyii,112.5350557,-3.722
Pinus jeffreyii,104.6387568,-2.97
Pinus jeffreyii,124.6226415,-3.359
Pinus jeffreyii,149.888167,-0.25
Pinus jeffreyii,86.92755498,-1.26
Pinus jeffreyii,143.8014566,-2.29
Pinus jeffreyii,138.7940429,-2.5
Pinus jeffreyii,123.9760453,-0.644
Pinus jeffreyii,128.8642659,-2.644
Pinus jeffreyii,128.8642659,-2.644
Pinus jeffreyii,127.2828302,-3.481
Pinus jeffreyii,105.1181102,-4.127
Pinus jeffreyii,97.58375791,-3.724
Pinus jeffreyii,121.4471123,-3.21
Pinus jeffreyii,167.9674512,-0.3
Pinus jeffreyii,157.7897938,-1.05
Pinus jeffreyii,143.3599742,-1.767
Pinus jeffreyii,141.7563572,-1.733
Pinus jeffreyii,131.6239316,-2.475
Pinus jeffreyii,129.8933978,-2.643
Pinus jeffreyii,132.5515055,-3.671
Pinus jeffreyii,117.4624829,-3.399
Pinus jeffreyii,117.8727905,-3.694
Pinus jeffreyii,119.8647178,-4.089
Pinus jeffreyii,161.781143,-0.275
Pinus jeffreyii,152.4138566,-0.361
Pinus jeffreyii,177.1324503,-0.521
Pinus jeffreyii,166.9886004,-1.66
Pinus jeffreyii,130.0933376,-2.74
Pinus jeffreyii,132.055608,-2.915
Pinus jeffreyii,135.9845061,-2.789
Pinus jeffreyii,16.22513033,-4.139
Pinus jeffreyii,107.6131076,-3.854
Pinus jeffreyii,88.56770833,-3.339
Pinus jeffreyii,191.19037,-0.493
Pinus jeffreyii,194.9716503,-0.361
Pinus jeffreyii,189.9713649,-0.786
Pinus jeffreyii,161.5700059,-2.228
Pinus jeffreyii,158.6658087,-2.919
Pinus jeffreyii,158.505265,-2.792
Pinus jeffreyii,145.5705706,-3.991
Pinus jeffreyii,148.0722892,-3.126
Pinus jeffreyii,140.578144,-4.13
Pinus jeffreyii,114.8929756,-3.897
Pinus jeffreyii,167.0481292,-1.18
Pinus jeffreyii,172.0973044,-0.982
Pinus jeffreyii,168.4225816,-1.134
Pinus jeffreyii,180.8264463,-1.42
Pinus jeffreyii,151.6143498,-2.294
Pinus jeffreyii,122.3537561,-3.118
Pinus jeffreyii,131.1035803,-3.196
Pinus jeffreyii,143.8788129,-4.04
Pinus jeffreyii,144.0295381,-3.999
Pinus jeffreyii,116.4030728,-4.986
Pinus jeffreyii,120.0669794,-4.132
Pinus jeffreyii,148.5413005,-2.793
Pinus jeffreyii,160.0404253,-0.331
Pinus jeffreyii,178.985893,-1.221
Pinus jeffreyii,156.9381169,-2.89
Pinus jeffreyii,133.716387,-2.032
Pinus jeffreyii,141.4334292,-3.521
Pinus jeffreyii,137.1053217,-2.687
Pinus jeffreyii,113.620477,-3.747
Pinus jeffreyii,130.0710812,-5.499
Pinus jeffreyii,155.1368219,-2.839
Quercus kelloggii,142.7441286,-0.129
Quercus kelloggii,132.2312287,-0.837
Quercus kelloggii,100.359928,-4.02
Quercus kelloggii,131.3487943,-1.088
Quercus kelloggii,118.9486937,-1.986
Quercus kelloggii,96.05427602,-3.968
Quercus kelloggii,105.567664,-3.36
Quercus kelloggii,106.0235294,-2.638
Quercus kelloggii,83.6843007,-4.464
Quercus kelloggii,19.70850558,-10
Quercus kelloggii,22.30836427,-8.9
Quercus kelloggii,85.82402235,-5.282
Quercus kelloggii,87.78867447,-4.76
Quercus kelloggii,19.11465893,-10
Quercus kelloggii,122.4592642,-0.49
Quercus kelloggii,206.0778553,-0.539
Quercus kelloggii,91.01547754,-3.71
Quercus kelloggii,129.4316501,-0.46
Quercus kelloggii,127.6040767,-0.681
Quercus kelloggii,107.0498301,-0.867
Quercus kelloggii,96.25794732,-1.95
Quercus kelloggii,88.37644656,-3.872
Quercus kelloggii,25.48666627,-9.5
Quercus kelloggii,36.16581571,-6.8
Quercus kelloggii,18.23017408,-10
Quercus kelloggii,97.66065777,-2.961
Quercus kelloggii,130.5230557,-0.185
Quercus kelloggii,128.358209,-0.472
Quercus kelloggii,95.62085854,-3.19
Quercus kelloggii,141.5974441,-0.502
Quercus kelloggii,88.32358982,-4.84
Quercus kelloggii,85.5081757,-3.898
Quercus kelloggii,104.3771044,-1.85
Quercus kelloggii,109.5044128,-1.174
Quercus kelloggii,25.48666627,-9.5
Quercus kelloggii,34.52628659,-7.82
Quercus kelloggii,107.7243468,-2.84
Quercus kelloggii,136.3902296,-0.294
Quercus kelloggii,120.0407106,-1.63
Quercus kelloggii,103.0118322,-3.57
Quercus kelloggii,127.7997365,-0.107
Quercus kelloggii,123.7153979,-1
Quercus kelloggii,111.039538,-2.784
Quercus kelloggii,101.1164274,-3.82
Quercus kelloggii,128.0343716,-1.321
Quercus kelloggii,96.78916913,-3.33
Quercus kelloggii,95.38428043,-4.049
Quercus kelloggii,71.15,-5.876
Quercus kelloggii,98.84577603,-4.232
Quercus kelloggii,74.37802908,-5.25
Quercus kelloggii,61.37266024,-5.594
Quercus kelloggii,17.74491682,-10
Quercus kelloggii,135.8889623,-0.269
Quercus kelloggii,134.5625896,-0.598
Quercus kelloggii,94.63002114,-3.75
Quercus kelloggii,129.3891909,-1.09
Quercus kelloggii,115.1429307,-1.279
Quercus kelloggii,98.34043849,-4.182
Quercus kelloggii,102.9142664,-3.54
Quercus kelloggii,100.1555613,-3.971
Quercus kelloggii,27.10455126,-9.36
Quercus kelloggii,19.12739965,-8.5
Quercus kelloggii,143.9600207,-0.13
Quercus kelloggii,127.7032845,-0.735
Quercus kelloggii,101.4405122,-2.06
Quercus kelloggii,133.6372847,-0.49
Quercus kelloggii,111.4190847,-1.136
Quercus kelloggii,110.0328347,-1.542
Quercus kelloggii,101.8127941,-3.17
Quercus kelloggii,117.4547983,-0.909
Quercus kelloggii,89.01176485,-4.003
Quercus kelloggii,24.78455329,-8.4
Quercus kelloggii,138.259371,-4.285
Quercus kelloggii,87.78867447,-4.76
Quercus kelloggii,30.27790229,-9.7
Quercus kelloggii,129.9558115,-0.46
Quercus kelloggii,124.5415012,-0.14
Quercus kelloggii,87.31270358,-1.95
Quercus kelloggii,126.1475989,-0.19
Quercus kelloggii,96.90069576,-2.557
Quercus kelloggii,116.5885206,-1.058
Quercus kelloggii,92.45240761,-2.29
Quercus kelloggii,100.5584364,-1.6
Quercus kelloggii,88.2837166,-4.066
Quercus kelloggii,91.68197324,-3.528
Quercus kelloggii,88.49882982,-3.734
Quercus kelloggii,78.90052356,-4.96
Quercus kelloggii,29.55641273,-10
Quercus kelloggii,29.55641273,-10
Quercus kelloggii,139.4992335,-0.19
Quercus kelloggii,118.4008915,-1.165
Quercus kelloggii,88.51811381,-4.1
Quercus kelloggii,114.9864499,-0.495
Quercus kelloggii,121.5739855,-1.377
Quercus kelloggii,89.51993142,-3.22
Quercus kelloggii,92.07042254,-3.28
Quercus kelloggii,85.47387068,-4.355
Quercus kelloggii,80.20584796,-4.765
Quercus kelloggii,84.04389506,-5.082
Quercus kelloggii,23.74759152,-7.8
Quercus kelloggii,21.90415942,-10
Quercus kelloggii,143.5522467,-0.98
Quercus kelloggii,138.6967195,-0.198
Quercus kelloggii,88.24587706,-2.84
Quercus kelloggii,100.2399232,-2.973
Quercus kelloggii,101.8455606,-1.154
Quercus kelloggii,94.53897261,-3.39
Quercus kelloggii,97.5458632,-2.935
Quercus kelloggii,86.53871207,-4.217
Quercus kelloggii,101.6229375,-3.691
Quercus kelloggii,90.83710407,-4.253
Quercus kelloggii,89.0256771,-4.972
Quercus kelloggii,32.0203974,-7.9
Quercus kelloggii,35.8873555,-8.6
Quercus kelloggii,86.31357505,-4.7
Adenostoma fasciculatum,67,-0.5
Adenostoma fasciculatum,69.31818182,-0.8
Adenostoma fasciculatum,67.31707317,-0.7
Adenostoma fasciculatum,74.72766885,-0.5
Adenostoma fasciculatum,88.04733728,-0.4
Adenostoma fasciculatum,78.51162791,-0.2
Adenostoma fasciculatum,88.1062166093525,-0.3
Adenostoma fasciculatum,145.5026455,-0.6
Adenostoma fasciculatum,135.5,-0.4
Adenostoma fasciculatum,68.23734729,-0.4
Adenostoma fasciculatum,60.33898305,-0.4
Adenostoma fasciculatum,83.47169811,-0.2
Adenostoma fasciculatum,76.44628099,-0.4
Adenostoma fasciculatum,55.45722714,-0.7
Adenostoma fasciculatum,87.2222707655261,-0.5
Adenostoma fasciculatum,91.88405797,-0.5
Adenostoma fasciculatum,80.4377565,-0.6
Adenostoma fasciculatum,95.52238806,-0.4
Adenostoma fasciculatum,122.513089,-0.5
Adenostoma fasciculatum,85.8963519997865,-0.8
Adenostoma fasciculatum,112.4,-0.6
Adenostoma fasciculatum,106.3829787,-0.8
Adenostoma fasciculatum,78.15491732,-1
Adenostoma fasciculatum,74.22053232,-1.3
Adenostoma fasciculatum,88.88888889,-0.9
Adenostoma fasciculatum,135.2024922,-1
Adenostoma fasciculatum,135,-0.7
Adenostoma fasciculatum,67.05069124,-1.2
Adenostoma fasciculatum,78.21401078,-1.4
Adenostoma fasciculatum,77.69284225,-1.6
Adenostoma fasciculatum,84.5704332340469,-1.1
Adenostoma fasciculatum,49.10179641,-0.7
Adenostoma fasciculatum,71.5210356,-0.9
Adenostoma fasciculatum,76.5743073,-1.8
Adenostoma fasciculatum,91.44634526,-2
Adenostoma fasciculatum,71.22093023,-2.4
Adenostoma fasciculatum,80.1507040149148,-2.1
Adenostoma fasciculatum,98.24561404,-2.2
Adenostoma fasciculatum,75.45023697,-1.7
Adenostoma fasciculatum,70.32085561,-2.5
Adenostoma fasciculatum,75.29411765,-2.6
Adenostoma fasciculatum,76.2962963,-4.9
Adenostoma fasciculatum,62.83524904,-2.7
Adenostoma fasciculatum,77.0568935615224,-2.8
Adenostoma fasciculatum,67.54716981,-2.7
Adenostoma fasciculatum,93.49522984,-4.1
Adenostoma fasciculatum,59.26660059,-3.6
Adenostoma fasciculatum,61.41732283,-5.9
Adenostoma fasciculatum,65.03667482,-3.1
Adenostoma fasciculatum,64.47761194,-2.8
Adenostoma fasciculatum,62.6252505,-3
Adenostoma fasciculatum,91.99318569,-4.9
Adenostoma fasciculatum,58.68852459,-4.5
Adenostoma fasciculatum,60.53683609,-5.6
Adenostoma fasciculatum,94.95268139,-3.4
Adenostoma fasciculatum,67.15328467,-3.6
Adenostoma fasciculatum,88.46641318,-3.8
Adenostoma fasciculatum,51.12107623,-5.1
Adenostoma fasciculatum,78.26086957,-4.7
Adenostoma fasciculatum,55.40704739,-5.3
Adenostoma fasciculatum,79.52755906,-4
Adenostoma fasciculatum,106.0773481,-4.1
Adenostoma fasciculatum,87.93686584,-3.9
Adenostoma fasciculatum,47.07996406,-5.6
Adenostoma fasciculatum,76.75675676,-5.1
Adenostoma fasciculatum,56.04900459,-5.8
Adenostoma fasciculatum,112.6252505,-4.2
Adenostoma fasciculatum,99.69135802,-4.2
Adenostoma fasciculatum,102.5641026,-4
Adenostoma fasciculatum,65.8045977,-7
Adenostoma fasciculatum,63.83601757,-6.4
Adenostoma fasciculatum,54.26439232,-7.9
Adenostoma fasciculatum,114.4508671,-4.7
Adenostoma fasciculatum,125.6410256,-4.5
Adenostoma fasciculatum,85.00590319,-6.2
Adenostoma fasciculatum,60.02971768,-6.5
Adenostoma fasciculatum,66.66666667,-5.9
Adenostoma fasciculatum,54.44579781,-7
Adenostoma fasciculatum,67.3334892794319,-5
Adenostoma fasciculatum,59.8199496069074,-6.7
Adenostoma fasciculatum,60.2619225288206,-6.6
Adenostoma fasciculatum,53.53159851,-8.7
Adenostoma fasciculatum,52.5477707,-7.3
Adenostoma fasciculatum,48.51485149,-9.8
Adenostoma fasciculatum,63.003663,-6.3
Adenostoma fasciculatum,85.82375479,-5.6
Adenostoma fasciculatum,31.60245673,-5.5
Adenostoma fasciculatum,46.44549763,-8.85
Adenostoma fasciculatum,43.86206897,-7.65
Adenostoma fasciculatum,50.39787798,-9.3
Adenostoma fasciculatum,48.96640827,-7.2
Adenostoma fasciculatum,44.55445545,-7.4
Adenostoma fasciculatum,37.06521739,-7.1
Adenostoma fasciculatum,59.2445328,-7.72
Adenostoma fasciculatum,51.20934112,-8.91
Adenostoma fasciculatum,61.34715026,-8.2
Adenostoma fasciculatum,21.52974504,-8.2
Adenostoma fasciculatum,112.5,-8.4
Adenostoma fasciculatum,46.16831218,-8.5
Adenostoma fasciculatum,39.01192504,-9.1
Adenostoma fasciculatum,49.35805991,-9.5
Adenostoma fasciculatum,47.4447077933377,-9.5
Adenostoma fasciculatum,79.21760391,-0.7
Adenostoma fasciculatum,80.69278819,-0.5
Adenostoma fasciculatum,75.40239373,-0.6
Adenostoma fasciculatum,82.41324921,-0.8
Adenostoma fasciculatum,81.44409938,-0.7
Adenostoma fasciculatum,69.09451608,-0.5
Adenostoma fasciculatum,80.68807339,-1.3
Adenostoma fasciculatum,79.1101465,-1.4
Adenostoma fasciculatum,78.96048416,-1.2
Adenostoma fasciculatum,68.8997244,-1.2
Adenostoma fasciculatum,71.2631198,-2.4
Adenostoma fasciculatum,74.59272845,-1.4
Adenostoma fasciculatum,74.59272845,-1.4
Adenostoma fasciculatum,74.59272845,-1.4
Adenostoma fasciculatum,85.13314599,-2.2
Adenostoma fasciculatum,85.13314599,-2.2
Adenostoma fasciculatum,76.40181341,-3.7
Adenostoma fasciculatum,69.3393332,-2.8
Adenostoma fasciculatum,69.51193746,-3.7
Adenostoma fasciculatum,69.51193746,-3.7
Adenostoma fasciculatum,76.6401256,-3.2
Adenostoma fasciculatum,68.6137392,-3.9
Adenostoma fasciculatum,73.80518059,-3.2
Adenostoma fasciculatum,64.80388754,-4.8
Adenostoma fasciculatum,68.71265617,-3.6
Adenostoma fasciculatum,69.70792768,-4.6
Adenostoma fasciculatum,69.70792768,-4.6
Adenostoma fasciculatum,70.48143946,-5
Adenostoma fasciculatum,60.72889904,-4.3
Adenostoma fasciculatum,53.8136372,-4.2
Adenostoma fasciculatum,73.24040613,-3.2
Adenostoma fasciculatum,57.70266228,-4.8
Adenostoma fasciculatum,74.15615845,-5.6
Adenostoma fasciculatum,74.15615845,-5.6
Adenostoma fasciculatum,53.58879039,-6.3
Adenostoma fasciculatum,49.08939014,-8.3
Adenostoma fasciculatum,49.08939014,-8.3
Adenostoma fasciculatum,49.08939014,-8.3
Adenostoma fasciculatum,58.37442922,-6.3
Adenostoma fasciculatum,50.23451399,-6.2
Adenostoma fasciculatum,82.34758872,-2.7
Adenostoma fasciculatum,82.34758872,-2.7
Adenostoma fasciculatum,82.34758872,-2.7
Adenostoma fasciculatum,73.17423291,-3.9
Adenostoma fasciculatum,73.17423291,-3.9
Adenostoma fasciculatum,73.17423291,-3.9
Adenostoma fasciculatum,42.32008593,-9.6
Adenostoma fasciculatum,49.11491992,-5.4
Adenostoma fasciculatum,50.52899687,-9
Adenostoma fasciculatum,57.3281724,-6.7
Adenostoma fasciculatum,60.97863116,-6.4
Adenostoma fasciculatum,59.11965596,-6.2
Adenostoma fasciculatum,66.58701712,-5.2
Adenostoma fasciculatum,47.54313169,-9.9
Adenostoma fasciculatum,44.3403355,-10
Adenostoma fasciculatum,49.12280702,-7.7
Adenostoma fasciculatum,50.2292769,-8.1
Adenostoma fasciculatum,73.28872877,-3
Adenostoma fasciculatum,55.32424742,-7.6
Adenostoma fasciculatum,55.32424742,-7.6
Adenostoma fasciculatum,50.06126378,-8.6
Adenostoma fasciculatum,38.72118551,-10
Adenostoma fasciculatum,47.53502854,-9.4
Adenostoma fasciculatum,47.53502854,-9.4
Adenostoma fasciculatum,37.26759975,-10
Adenostoma fasciculatum,45.67920184,-9.2
Adenostoma fasciculatum,61.67923828,-5.7
Adenostoma fasciculatum,42.10526316,-9.5
Adenostoma fasciculatum,50.09176084,-8.4
Adenostoma fasciculatum,48.88059701,-9.3
Adenostoma fasciculatum,48.38709677,-7.5
Adenostoma fasciculatum,61.42040816,-6.5
Adenostoma fasciculatum,61.67923828,-5.7
Adenostoma fasciculatum,58.91820312,-6.6
Adenostoma fasciculatum,46.01938058,-8
Adenostoma fasciculatum,59.18060703,-7.6
Ceanothus megacarpus,131.3260941,-0.163
Ceanothus megacarpus,149.7320472,-0.167
Ceanothus megacarpus,109.837513945305,-0.263
Ceanothus megacarpus,96.18380062,-0.58
Ceanothus megacarpus,120.9012994,-0.25
Ceanothus megacarpus,109.565714355353,-0.31
Ceanothus megacarpus,111.109767345082,-0.043
Ceanothus megacarpus,111.109767345082,-0.043
Ceanothus megacarpus,111.109767345082,-0.043
Ceanothus megacarpus,109.52523356536,-0.317
Ceanothus megacarpus,109.52523356536,-0.317
Ceanothus megacarpus,109.264999915406,-0.362
Ceanothus megacarpus,99.7346653570768,-2.01
Ceanothus megacarpus,123.7289451,-1.92
Ceanothus megacarpus,103.320106756448,-1.39
Ceanothus megacarpus,106.269421455931,-0.88
Ceanothus megacarpus,103.609255256397,-1.34
Ceanothus megacarpus,105.517635356063,-1.01
Ceanothus megacarpus,147.9640844,-2.98
Ceanothus megacarpus,97.6527961574418,-2.37
Ceanothus megacarpus,97.6527961574418,-2.37
Ceanothus megacarpus,101.122578156833,-1.77
Ceanothus megacarpus,99.7924950570666,-2
Ceanothus megacarpus,98.9134836172207,-2.152
Ceanothus megacarpus,77.59403372,-8.87
Ceanothus megacarpus,28.49525435,-10
Ceanothus megacarpus,92.9107607582734,-3.19
Ceanothus megacarpus,94.6456517579691,-2.89
Ceanothus megacarpus,74.32401727,-8.01
Ceanothus megacarpus,107.6876144,-4.74
Ceanothus megacarpus,118.5678601,-3.752
Ceanothus megacarpus,94.8769705579286,-2.85
Ceanothus megacarpus,122.6254407,-6.9
Ceanothus megacarpus,123.4106208,-3.36
Ceanothus megacarpus,83.05626182,-6.33
Ceanothus megacarpus,68.22791427,-8.77
Ceanothus megacarpus,75.76363879,-7.59
Ceanothus megacarpus,132.6370757,-3.378
Ceanothus megacarpus,148.0726086,-4.02
Ceanothus megacarpus,112.8454819,-4.61
Ceanothus megacarpus,101.4208107,-1.19
Ceanothus megacarpus,114.5088018,-0.56
Ceanothus megacarpus,106.1336254,-1.2
Ceanothus megacarpus,71.96629977,-6.98
Ceanothus megacarpus,87.08450877,-5.69
Ceanothus megacarpus,79.50880308,-7.09
Ceanothus megacarpus,91.05380452,-6.2
Ceanothus megacarpus,63.36576989,-8.78
Ceanothus megacarpus,91.62259,-6.9
Ceanothus megacarpus,90.35064593,-1.9
Ceanothus megacarpus,111.3095238,-1.52
Ceanothus megacarpus,100,-2
Ceanothus megacarpus,71.31081299,-8.77
Ceanothus megacarpus,90.0366246687774,-3.687
Ceanothus megacarpus,81.00460976,-8.49
Ceanothus megacarpus,124.1890639,-4.59
Ceanothus megacarpus,124.6315789,-4.65
Ceanothus megacarpus,106.570167,-5.56
Ceanothus megacarpus,124.5260664,-3.15
Ceanothus megacarpus,105.453982,-1.91
Ceanothus megacarpus,100.9497626,-2.98
Ceanothus megacarpus,108.0436941,-10.01
Ceanothus megacarpus,83.0859028,-6.59
Ceanothus megacarpus,142.3709586,-5.12
Ceanothus megacarpus,99.42418426,-8.801
Ceanothus megacarpus,86.00600601,-7.75
Ceanothus megacarpus,75.77052182,-3
Ceanothus megacarpus,94.79733817,-3.07
Ceanothus megacarpus,84.84663823,-3.32
Ceanothus megacarpus,48.88321634,-3.98
Ceanothus megacarpus,75.72192513,-9.57
Ceanothus megacarpus,75.72192513,-9.57
Ceanothus megacarpus,116.3649147,-6.57
Ceanothus megacarpus,67.07430054,-10.01
Ceanothus megacarpus,77.7015496609404,-5.82
Ceanothus megacarpus,100.1364038,-6.26
Ceanothus megacarpus,80.1303970605145,-5.4
Ceanothus megacarpus,84.29945412,-5.4
Ceanothus megacarpus,67.99722319,-3.42
Ceanothus megacarpus,85.04726439,-5.42
Ceanothus megacarpus,136.6424986,-6.48
Ceanothus megacarpus,78.02367473,-0.3
Ceanothus megacarpus,28.08059933,-10
Ceanothus megacarpus,83.18703579,-6.67
Ceanothus megacarpus,65.98465473,-10
Ceanothus megacarpus,62.84858262,-10.014
Ceanothus megacarpus,89.9614460587906,-3.7
Ceanothus megacarpus,54.09836066,-6.01
Ceanothus megacarpus,143.1654676,-4.1
Ceanothus megacarpus,59.3117050641653,-9
Ceanothus megacarpus,86.6073234593787,-4.28
Ceanothus megacarpus,133.6798337,-6.52
Ceanothus megacarpus,71.1667935620864,-6.95
Ceanothus megacarpus,61.7405524637393,-8.58
Ceanothus megacarpus,88.4180791,-7.21
Ceanothus megacarpus,88.4180791,-7.21
Ceanothus megacarpus,116.6612851,-5.76
Ceanothus megacarpus,85.35714286,-8.99
Ceanothus megacarpus,58.51851852,-9.21
Ceanothus megacarpus,53.5287350651794,-10
Ceanothus megacarpus,53.5287350651794,-10
Ceanothus megacarpus,51.12186538,-6.71
Ceanothus megacarpus,108.351290655566,-0.52
Ceanothus megacarpus,109.160906455424,-0.38
Ceanothus megacarpus,108.466950055545,-0.5
Ceanothus megacarpus,109.554148415355,-0.312
Ceanothus megacarpus,108.657788065512,-0.467
Ceanothus megacarpus,107.830823355657,-0.61
Ceanothus megacarpus,101.411726656783,-1.72
Ceanothus megacarpus,104.476700756245,-1.19
Ceanothus megacarpus,102.741809756549,-1.49
Ceanothus megacarpus,101.047399546847,-1.783
Ceanothus megacarpus,102.51049095659,-1.53
Ceanothus megacarpus,103.071439046492,-1.433
Ceanothus megacarpus,98.2889228573303,-2.26
Ceanothus megacarpus,97.5371367574621,-2.39
Ceanothus megacarpus,96.8431803575838,-2.51
Ceanothus megacarpus,99.3298574571477,-2.08
Ceanothus megacarpus,146.6992665,-2.1
Ceanothus megacarpus,143.8328236,-2.36
Ceanothus megacarpus,143.8328236,-2.36
Ceanothus megacarpus,150.5224898,-3.42
Ceanothus megacarpus,141.6280864,-3.64
Ceanothus megacarpus,119.3153153,-3.71
Ceanothus megacarpus,145.081266,-3.45
Ceanothus megacarpus,90.8288915586384,-3.55
Ceanothus megacarpus,148.1025641,-3.34
Ceanothus megacarpus,99.45337621,-6
Ceanothus megacarpus,91.92346425,-6.9
Ceanothus megacarpus,122.9965157,-5.5
Ceanothus megacarpus,103.2672332,-6.1
Ceanothus megacarpus,62.33090531,-8.6
Ceanothus megacarpus,92.95774648,-7
Ceanothus megacarpus,85.29784537,-7.3
Ceanothus megacarpus,67.59899897,-9.1
Ceanothus megacarpus,62.00540673,-7.5
Ceanothus megacarpus,89.5783339,-7.5
Ceanothus megacarpus,54.31472081,-10
Ceanothus megacarpus,102.6654578,-6.8
Ceanothus megacarpus,55.58559841,-10
Ceanothus megacarpus,132.5275657,-4
Ceanothus megacarpus,112.0682116,-4.6
Ceanothus megacarpus,116.7458187,-4.5
Ceanothus megacarpus,124.0148051,-3.5
Ceanothus megacarpus,126.8797425,-3.9
Ceanothus megacarpus,106.5868263,-5.1
Ceanothus megacarpus,75.5040210613258,-6.2
Ceanothus megacarpus,97.09035222,-6.3
Ceanothus megacarpus,85.07287653,-5.8
Ceanothus megacarpus,111.2807788,-5
Ceanothus megacarpus,112.6107128,-5.6
Ceanothus megacarpus,74.2286519,-7
Ceanothus megacarpus,94.27016645,-6.9
Ceanothus megacarpus,66.59590599,-7.3
Ceanothus megacarpus,78.79924953,-8.6
Ceanothus megacarpus,79.40238375,-8.2
Ceanothus megacarpus,85.56478917,-7.9
Ceanothus megacarpus,76.53492781,-10
Ceanothus megacarpus,64.5797302,-10
Ceanothus megacarpus,64.59731544,-9.1
Ceanothus megacarpus,72.23897745,-10
Ceanothus megacarpus,59.29690809,-9.5
Adenostoma fasciculatum,103.04679,-0.123
Ceanothus megacarpus,101.0507881,-0.208
Adenostoma fasciculatum,103.04679,-0.123
Ceanothus megacarpus,101.0507881,-0.208
Adenostoma fasciculatum,102.4280911,-0.713
Ceanothus megacarpus,71.48362235,-1.88
Adenostoma fasciculatum,102.4280911,-0.713
Ceanothus megacarpus,71.48362235,-1.88
Adenostoma fasciculatum,100.23465,-0.471
Ceanothus megacarpus,79.06908665,-0.597
Adenostoma fasciculatum,100.23465,-0.471
Ceanothus megacarpus,79.06908665,-0.597
Adenostoma fasciculatum,57.62514552,-0.225
Ceanothus megacarpus,106.6751162,-0.192
Adenostoma fasciculatum,57.62514552,-0.225
Ceanothus megacarpus,106.6751162,-0.192
Adenostoma fasciculatum,81.95615514,-0.136
Ceanothus megacarpus,118.0670754,-0.145
Adenostoma fasciculatum,81.95615514,-0.136
Ceanothus megacarpus,118.0670754,-0.145
Adenostoma fasciculatum,107.1710008,-0.316
Ceanothus megacarpus,98.7012987,-0.491
Adenostoma fasciculatum,107.1710008,-0.316
Ceanothus megacarpus,98.7012987,-0.491
Ceanothus megacarpus,98.7012987,-0.491
Adenostoma fasciculatum,94.82758621,-0.319
Ceanothus megacarpus,108.3877996,-0.641
Adenostoma fasciculatum,94.82758621,-0.319
Ceanothus megacarpus,108.3877996,-0.641
Adenostoma fasciculatum,96.14890886,-0.256
Ceanothus megacarpus,106.6985646,-0.226
Adenostoma fasciculatum,96.14890886,-0.256
Ceanothus megacarpus,106.6985646,-0.226
Ceanothus megacarpus,106.6985646,-0.226
Adenostoma fasciculatum,95.64,-0.106
Ceanothus megacarpus,85.8184228,-3.016
Adenostoma fasciculatum,95.64,-0.106
Ceanothus megacarpus,85.8184228,-3.016
Ceanothus megacarpus,85.8184228,-3.016
Adenostoma fasciculatum,107.9264214,-0.116
Ceanothus megacarpus,112.4834583,-0.159
Adenostoma fasciculatum,107.9264214,-0.116
Adenostoma fasciculatum,107.9264214,-0.116
Ceanothus megacarpus,112.4834583,-0.159
Adenostoma fasciculatum,95.22116904,-0.151
Ceanothus megacarpus,106.4761054,-0.328
Adenostoma fasciculatum,95.22116904,-0.151
Ceanothus megacarpus,106.4761054,-0.328
Adenostoma fasciculatum,93.51620948,-0.089
Ceanothus megacarpus,126.0159196,-0.447
Adenostoma fasciculatum,93.51620948,-0.089
Ceanothus megacarpus,126.0159196,-0.447
Adenostoma fasciculatum,81.13409415,-2.169
Ceanothus megacarpus,93.56357928,-1.644
Adenostoma fasciculatum,81.13409415,-2.169
Ceanothus megacarpus,93.56357928,-1.644
Adenostoma fasciculatum,86.2752034,-0.244
Ceanothus megacarpus,81.51171043,-1.089
Adenostoma fasciculatum,86.2752034,-0.244
Ceanothus megacarpus,81.51171043,-1.089
Adenostoma fasciculatum,82.28373702,-0.744
Ceanothus megacarpus,112.830033,-2.113
Adenostoma fasciculatum,82.28373702,-0.744
Adenostoma fasciculatum,82.28373702,-0.744
Ceanothus megacarpus,112.830033,-2.113
Adenostoma fasciculatum,60.89506173,-5.33
Ceanothus megacarpus,99.32743363,-1.39
Ceanothus megacarpus,99.32743363,-1.39
Adenostoma fasciculatum,60.89506173,-5.33
Adenostoma fasciculatum,60.89506173,-5.33
Adenostoma fasciculatum,63.67536646,-5.45
Ceanothus megacarpus,94.01419315,-1.01
Ceanothus megacarpus,94.01419315,-1.01
Adenostoma fasciculatum,63.67536646,-5.45
Adenostoma fasciculatum,68.7279718,-2.49
Ceanothus megacarpus,69.83870968,-3.628
Adenostoma fasciculatum,68.7279718,-2.49
Ceanothus megacarpus,69.83870968,-3.628
Ceanothus megacarpus,69.83870968,-3.628
Adenostoma fasciculatum,55.92783505,-7.86
Ceanothus megacarpus,102.5523013,-1.082
Adenostoma fasciculatum,55.92783505,-7.86
Ceanothus megacarpus,102.5523013,-1.082
Ceanothus megacarpus,102.5523013,-1.082
Adenostoma fasciculatum,75.7719715,-0.873
Ceanothus megacarpus,93.63970588,-1.625
Adenostoma fasciculatum,75.7719715,-0.873
Ceanothus megacarpus,93.63970588,-1.625
Adenostoma fasciculatum,64.3441166,-0.746
Ceanothus megacarpus,102.3357664,-0.498
Adenostoma fasciculatum,64.3441166,-0.746
Ceanothus megacarpus,102.3357664,-0.498
Ceanothus megacarpus,102.3357664,-0.498
Adenostoma fasciculatum,72.67645003,-1.957
Ceanothus megacarpus,109.5989761,-0.987
Ceanothus megacarpus,109.5989761,-0.987
Adenostoma fasciculatum,72.67645003,-1.957
Adenostoma fasciculatum,80.39358601,-2.04
Ceanothus megacarpus,83.55605048,-3.85
Ceanothus megacarpus,83.55605048,-3.85
Adenostoma fasciculatum,80.39358601,-2.04
Adenostoma fasciculatum,82.73785628,-2.09
Ceanothus megacarpus,110.312076,-1.197
Ceanothus megacarpus,110.312076,-1.197
Adenostoma fasciculatum,82.73785628,-2.09
Adenostoma fasciculatum,74.00699078,-3.979
Ceanothus megacarpus,85.40225701,-2.989
Ceanothus megacarpus,85.40225701,-2.989
Adenostoma fasciculatum,74.00699078,-3.979
Adenostoma fasciculatum,74.9382716,-2.444
Ceanothus megacarpus,94.62780899,-2.939
Ceanothus megacarpus,94.62780899,-2.939
Adenostoma fasciculatum,74.9382716,-2.444
Adenostoma fasciculatum,66.16725688,-7.005
Ceanothus megacarpus,82.28843862,-3.005
Ceanothus megacarpus,82.28843862,-3.005
Ceanothus megacarpus,82.28843862,-3.005
Adenostoma fasciculatum,66.16725688,-7.005
Adenostoma fasciculatum,62.62002743,-5.751
Ceanothus megacarpus,77.79329609,-3.17
Ceanothus megacarpus,77.79329609,-3.17
Adenostoma fasciculatum,62.62002743,-5.751
Adenostoma fasciculatum,55.69994093,-7.252
Ceanothus megacarpus,75.43010753,-4.048
Ceanothus megacarpus,75.43010753,-4.048
Ceanothus megacarpus,75.43010753,-4.048
Adenostoma fasciculatum,55.69994093,-7.252
Adenostoma fasciculatum,63.30498177,-5.741
Ceanothus megacarpus,100.0726216,-0.909
Ceanothus megacarpus,100.0726216,-0.909
Adenostoma fasciculatum,63.30498177,-5.741
Adenostoma fasciculatum,68.22268326,-4.68
Ceanothus megacarpus,90.43245312,-3.183
Ceanothus megacarpus,90.43245312,-3.183
Adenostoma fasciculatum,68.22268326,-4.68
Adenostoma fasciculatum,62.05663189,-6.567
Ceanothus megacarpus,84.23537959,-3.56
Ceanothus megacarpus,84.23537959,-3.56
Ceanothus megacarpus,84.23537959,-3.56
Adenostoma fasciculatum,62.05663189,-6.567
Adenostoma fasciculatum,56.87061184,-7.326
Ceanothus megacarpus,80.37383178,-5.01
Ceanothus megacarpus,80.37383178,-5.01
Ceanothus megacarpus,80.37383178,-5.01
Adenostoma fasciculatum,56.87061184,-7.326
Adenostoma fasciculatum,79.38973648,-3.444
Ceanothus megacarpus,105.1388889,-2.125
Ceanothus megacarpus,105.1388889,-2.125
Ceanothus megacarpus,105.1388889,-2.125
Adenostoma fasciculatum,79.38973648,-3.444
Ceanothus megacarpus,125.6987902,-1.27
Ceanothus megacarpus,125.6987902,-1.27
Adenostoma fasciculatum,47.60170006,-7.76
Adenostoma fasciculatum,64.19871795,-6.42
Ceanothus megacarpus,100.5584364,-2.56
Ceanothus megacarpus,100.5584364,-2.56
Ceanothus megacarpus,100.5584364,-2.56
Adenostoma fasciculatum,64.19871795,-6.42
Adenostoma fasciculatum,62.97556449,-6.91
Ceanothus megacarpus,80.17742429,-3.88
Ceanothus megacarpus,80.17742429,-3.88
Adenostoma fasciculatum,62.97556449,-6.91
Adenostoma fasciculatum,83.04843305,-3.57
Ceanothus megacarpus,64.95028409,-6.085
Ceanothus megacarpus,64.95028409,-6.085
Ceanothus megacarpus,64.95028409,-6.085
Adenostoma fasciculatum,83.04843305,-3.57
Adenostoma fasciculatum,74.64550979,-2.18
Ceanothus megacarpus,71.54600063,-4.233
Ceanothus megacarpus,71.54600063,-4.233
Ceanothus megacarpus,71.54600063,-4.233
Adenostoma fasciculatum,74.64550979,-2.18
Adenostoma fasciculatum,94.73503097,-1.087
Ceanothus megacarpus,76.08160394,-3.961
Ceanothus megacarpus,76.08160394,-3.961
Adenostoma fasciculatum,94.73503097,-1.087
Adenostoma fasciculatum,65.84311303,-3.082
Ceanothus megacarpus,66.4791901,-4.822
Ceanothus megacarpus,66.4791901,-4.822
Adenostoma fasciculatum,65.84311303,-3.082
Adenostoma fasciculatum,73.03595206,-3.996
Ceanothus megacarpus,64.33591005,-5.34
Ceanothus megacarpus,64.33591005,-5.34
Adenostoma fasciculatum,73.03595206,-3.996
Adenostoma fasciculatum,91.26827341,-1.13
Ceanothus megacarpus,81.06880894,-4.119
Ceanothus megacarpus,81.06880894,-4.119
Adenostoma fasciculatum,91.26827341,-1.13
Adenostoma fasciculatum,65.15629481,-3.488
Ceanothus megacarpus,78.7447428,-5.136
Ceanothus megacarpus,78.7447428,-5.136
Adenostoma fasciculatum,65.15629481,-3.488
Adenostoma fasciculatum,69.72434561,-3.298
Ceanothus megacarpus,69.52983725,-5.888
Ceanothus megacarpus,69.52983725,-5.888
Adenostoma fasciculatum,69.72434561,-3.298
Adenostoma fasciculatum,62.38394729,-6.166
Ceanothus megacarpus,93.83588536,-3.061
Ceanothus megacarpus,93.83588536,-3.061
Ceanothus megacarpus,93.83588536,-3.061
Adenostoma fasciculatum,62.38394729,-6.166
Adenostoma fasciculatum,70.07993909,-3.549
Ceanothus megacarpus,68.93603547,-5.687
Ceanothus megacarpus,68.93603547,-5.687
Adenostoma fasciculatum,70.07993909,-3.549
Adenostoma fasciculatum,82.05047319,-3.748
Ceanothus megacarpus,95.23635031,-2.189
Ceanothus megacarpus,95.23635031,-2.189
Ceanothus megacarpus,95.23635031,-2.189
Adenostoma fasciculatum,82.05047319,-3.748
Adenostoma fasciculatum,88.17589577,-0.83
Adenostoma fasciculatum,88.17589577,-0.83
Ceanothus megacarpus,99.5363766,-1.184
Ceanothus megacarpus,99.5363766,-1.184
Adenostoma fasciculatum,60.36313806,-6.92
Ceanothus megacarpus,105.897772,-0.394
Adenostoma fasciculatum,60.36313806,-6.92
Ceanothus megacarpus,105.897772,-0.394
Ceanothus megacarpus,105.897772,-0.394
Adenostoma fasciculatum,73.25017325,-4.401
Adenostoma fasciculatum,73.25017325,-4.401
Ceanothus megacarpus,125.4435309,-1.02
Ceanothus megacarpus,125.4435309,-1.02
Ceanothus megacarpus,125.4435309,-1.02
Adenostoma fasciculatum,72.47869318,-2.932
Adenostoma fasciculatum,72.47869318,-2.932
Ceanothus megacarpus,97.6366322,-1.907
Ceanothus megacarpus,97.6366322,-1.907
Adenostoma fasciculatum,92.75584515,-1.21
Adenostoma fasciculatum,92.75584515,-1.21
Ceanothus megacarpus,99.53033268,-2.89
Ceanothus megacarpus,99.53033268,-2.89
Adenostoma fasciculatum,53.0127815,-7.751
Ceanothus megacarpus,70.38585209,-5.69
Adenostoma fasciculatum,53.0127815,-7.751
Ceanothus megacarpus,70.38585209,-5.69
Adenostoma fasciculatum,67.5059952,-5.068
Ceanothus megacarpus,106.1031084,-2.738
Adenostoma fasciculatum,67.5059952,-5.068
Ceanothus megacarpus,106.1031084,-2.738
Adenostoma fasciculatum,78.51208459,-3.167
Adenostoma fasciculatum,78.51208459,-3.167
Ceanothus megacarpus,96.54775604,-0.902
Ceanothus megacarpus,96.54775604,-0.902
Adenostoma fasciculatum,87.03380969,-2.087
Ceanothus megacarpus,116.4839982,-0.971
Adenostoma fasciculatum,87.03380969,-2.087
Ceanothus megacarpus,116.4839982,-0.971
Ceanothus megacarpus,85.05392912,-3.987
Adenostoma fasciculatum,91.22048553,-1.059
Adenostoma fasciculatum,91.22048553,-1.059
Adenostoma fasciculatum,86.8058012,-1.16
Ceanothus megacarpus,92.1602289,-3.48
Adenostoma fasciculatum,86.8058012,-1.16
Ceanothus megacarpus,92.1602289,-3.48
Adenostoma fasciculatum,82.51346499,-2.648
Ceanothus megacarpus,86.33117987,-3.336
Adenostoma fasciculatum,82.51346499,-2.648
Adenostoma fasciculatum,54.7809402,-7.956
Ceanothus megacarpus,75.63218391,-5.007
Adenostoma fasciculatum,54.7809402,-7.956
Ceanothus megacarpus,75.63218391,-5.007
Adenostoma fasciculatum,68.06664353,-5.003
Ceanothus megacarpus,68.33282536,-5.178
Adenostoma fasciculatum,68.06664353,-5.003
Ceanothus megacarpus,68.33282536,-5.178
Adenostoma fasciculatum,57.87159191,-7.639
Ceanothus megacarpus,73.03250067,-5.177
Adenostoma fasciculatum,57.87159191,-7.639
Ceanothus megacarpus,73.03250067,-5.177
Ceanothus megacarpus,73.03250067,-5.177
Ceanothus megacarpus,71.73841604,-4.841
Adenostoma fasciculatum,54.61741425,-6.56
Adenostoma fasciculatum,46.14485981,-9.207
Ceanothus megacarpus,103.0204082,-2.098
Adenostoma fasciculatum,46.14485981,-9.207
Adenostoma fasciculatum,55.6206089,-6.912
Ceanothus megacarpus,72.0862857919251,-6.791
Adenostoma fasciculatum,55.6206089,-6.912
Adenostoma fasciculatum,55.6206089,-6.912
Adenostoma fasciculatum,38.19520174,-9.016
Adenostoma fasciculatum,38.19520174,-9.016
Ceanothus megacarpus,72.23642173,-4.998
Adenostoma fasciculatum,50.0950209,-8.755
Ceanothus megacarpus,78.54842705,-4.701
Adenostoma fasciculatum,50.0950209,-8.755
Ceanothus megacarpus,62.53916157,-7.092
Ceanothus megacarpus,62.53916157,-7.092
Adenostoma fasciculatum,95.2844695,-2.371
Adenostoma fasciculatum,59.27409262,-7.946
Ceanothus megacarpus,77.6148051109557,-5.835
Ceanothus megacarpus,77.6148051109557,-5.835
Adenostoma fasciculatum,59.27409262,-7.946
Adenostoma fasciculatum,59.27409262,-7.946
Adenostoma fasciculatum,75.8322237,-3.05
Ceanothus megacarpus,67.28524394,-6.011
Adenostoma fasciculatum,75.8322237,-3.05
Ceanothus megacarpus,66.03192383,-5.603
Ceanothus megacarpus,64.82900943,-6.31
Adenostoma fasciculatum,68.67623604,-5.122
Adenostoma fasciculatum,68.67623604,-5.122
Adenostoma fasciculatum,78.9893617,-3.13
Ceanothus megacarpus,125.9367872,-7.034
Adenostoma fasciculatum,78.9893617,-3.13
Adenostoma fasciculatum,74.72252059,-5.79
Ceanothus megacarpus,63.26905418,-5.99
Ceanothus megacarpus,63.26905418,-5.99
Adenostoma fasciculatum,74.72252059,-5.79
Adenostoma fasciculatum,75.35528596,-3.502
Ceanothus megacarpus,60.43385273,-6.04
Adenostoma fasciculatum,75.35528596,-3.502
Adenostoma fasciculatum,66.2668227,-4.49
Ceanothus megacarpus,61.51724138,-6.49
Adenostoma fasciculatum,66.2668227,-4.49
Adenostoma fasciculatum,66.2668227,-4.49
Adenostoma fasciculatum,69.43425877,-4.884
Ceanothus megacarpus,29.66396292,-10
Adenostoma fasciculatum,69.43425877,-4.884
Adenostoma fasciculatum,56.727629,-6.792
Ceanothus megacarpus,7.889301941,-6.921
Adenostoma fasciculatum,56.727629,-6.792
Adenostoma fasciculatum,68.28163123,-4.973
Ceanothus megacarpus,97.05071665,-2.057
Adenostoma fasciculatum,68.28163123,-4.973
Adenostoma fasciculatum,20.28415961,-5.259
Ceanothus megacarpus,62.75832982,-7.196
Adenostoma fasciculatum,20.28415961,-5.259
Adenostoma fasciculatum,79.91498406,-4.019
Ceanothus megacarpus,76.19272556,-5.37
Adenostoma fasciculatum,79.91498406,-4.019
Adenostoma fasciculatum,63.11576355,-4.878
Ceanothus megacarpus,61.28964503,-7.059
Adenostoma fasciculatum,63.11576355,-4.878
Adenostoma fasciculatum,75.74183976,-4.28
Ceanothus megacarpus,62.88356452,-6.491
Adenostoma fasciculatum,75.74183976,-4.28
Adenostoma fasciculatum,75.74183976,-4.28
Adenostoma fasciculatum,57.06787964,-2.816
Ceanothus megacarpus,73.82212144,-7.758
Adenostoma fasciculatum,57.06787964,-2.816
Adenostoma fasciculatum,57.06787964,-2.816
Ceanothus megacarpus,73.82212144,-7.758
Adenostoma fasciculatum,88.5193133,-3.79
Ceanothus megacarpus,52.035033490000004,-8.1
Ceanothus megacarpus,52.035033490000004,-8.1
Adenostoma fasciculatum,88.5193133,-3.79
Adenostoma fasciculatum,80.30418251,-3.88
Ceanothus megacarpus,56.29122273,-6.713
Ceanothus megacarpus,56.29122273,-6.713
Adenostoma fasciculatum,80.30418251,-3.88
Adenostoma fasciculatum,57.9150463134615,-7.131
Adenostoma fasciculatum,57.9150463134615,-7.131
Ceanothus megacarpus,47.87928222,-8.848
Ceanothus megacarpus,47.87928222,-8.848
Adenostoma fasciculatum,57.9150463134615,-7.131
Adenostoma fasciculatum,66.73400673,-3.35
Ceanothus megacarpus,55.79728692,-7.822
Adenostoma fasciculatum,66.73400673,-3.35
Ceanothus megacarpus,55.79728692,-7.822
Ceanothus megacarpus,46.89092762,-7.922
Ceanothus megacarpus,46.89092762,-7.922
Adenostoma fasciculatum,52.13960546,-1.091
Adenostoma fasciculatum,78.26537664,-3.65
Ceanothus megacarpus,60.2486452,-6.421
Adenostoma fasciculatum,78.26537664,-3.65
Adenostoma fasciculatum,59.87361769,-7.46
Ceanothus megacarpus,106.6839585,-6
Adenostoma fasciculatum,59.87361769,-7.46
Adenostoma fasciculatum,41.47492625,-10
Ceanothus megacarpus,44.65658976,-10
Adenostoma fasciculatum,43.14613527,-10
Ceanothus megacarpus,52.48004561,-8.677
Ceanothus megacarpus,52.48004561,-8.677
Adenostoma fasciculatum,54.61741425,-6.56
Ceanothus megacarpus,59.47846469,-8.861
Ceanothus megacarpus,59.47846469,-8.861
Adenostoma fasciculatum,54.61741425,-6.56
Ceanothus megacarpus,47.77070064,-9.28
Adenostoma fasciculatum,94.52848407,-0.895
Adenostoma fasciculatum,53.03100416,-9.641
Ceanothus megacarpus,40.56706652,-10
Ceanothus megacarpus,40.56706652,-10
Adenostoma fasciculatum,53.03100416,-9.641
Adenostoma fasciculatum,65.91941836,-6.59
Ceanothus megacarpus,44.84884646,-9.395
Adenostoma fasciculatum,79.96521739,-5.032
Ceanothus megacarpus,53.5287350651794,-10
Ceanothus megacarpus,53.5287350651794,-10
Ceanothus megacarpus,51.918286,-7.919
Ceanothus megacarpus,51.918286,-7.919
Adenostoma fasciculatum,79.96521739,-5.032
Adenostoma fasciculatum,56.15942029,-8.01
Ceanothus megacarpus,41.97389512,-10
Adenostoma fasciculatum,56.15942029,-8.01
Adenostoma fasciculatum,75.89498807,-2.23
Ceanothus megacarpus,55.38030144,-7.118
Ceanothus megacarpus,55.38030144,-7.118
Adenostoma fasciculatum,75.89498807,-2.23
Ceanothus megacarpus,55.38030144,-7.118
Ceanothus megacarpus,52.41502683,-8.667
Ceanothus megacarpus,52.41502683,-8.667
Adenostoma fasciculatum,78.5488959,-2.999
Adenostoma fasciculatum,78.5488959,-2.999
Adenostoma fasciculatum,42.71566328,-10
Ceanothus megacarpus,45.82924436,-10
Adenostoma fasciculatum,68.8067648,-6.05
Ceanothus megacarpus,64.14665801,-6.67
Ceanothus megacarpus,56.18305745,-8.217
Adenostoma fasciculatum,73.64932052,-4.942
Ceanothus megacarpus,58.78667985,-7.23
Adenostoma fasciculatum,44.14685525,-9.99
Ceanothus megacarpus,56.18361153,-8.001
Adenostoma fasciculatum,44.14685525,-9.99
Adenostoma fasciculatum,76.77725118,-5.779
Ceanothus megacarpus,46.15384615,-7.87
Adenostoma fasciculatum,76.77725118,-5.779
Adenostoma fasciculatum,73.52002836,-6.006
Ceanothus megacarpus,43.19974755,-10
Adenostoma fasciculatum,73.52002836,-6.006
Adenostoma fasciculatum,63.18211703,-8.35
Adenostoma fasciculatum,63.18211703,-8.35
Adenostoma fasciculatum,55.91707458,-10
Ceanothus megacarpus,51.17647059,-8.38
Adenostoma fasciculatum,55.91707458,-10
Adenostoma fasciculatum,56.20721132,-8.591
Ceanothus megacarpus,48.82001706,-9.11
Adenostoma fasciculatum,54.27509294,-6.353
Ceanothus megacarpus,44.4506884,-10
Adenostoma fasciculatum,54.27509294,-6.353
Ceanothus megacarpus,45.66148298,-1.89
Adenostoma fasciculatum,49.20729883,-9.331
Adenostoma fasciculatum,52.91454443,-9.027
Ceanothus megacarpus,46.67157946,-8.53
Adenostoma fasciculatum,52.91454443,-9.027
Adenostoma fasciculatum,76.02059581,-2.177
Ceanothus megacarpus,51.84619302,-8.219
Ceanothus megacarpus,58.9415949842302,-9.064
Adenostoma fasciculatum,52.46081936,-10
Ceanothus megacarpus,52.73752013,-8.049
Adenostoma fasciculatum,52.28346457,-8.821
Ceanothus megacarpus,43.26980345,-10
Adenostoma fasciculatum,52.28346457,-8.821
Adenostoma fasciculatum,67.24033816,-6.305
Adenostoma fasciculatum,67.24033816,-6.305
Adenostoma fasciculatum,41.26940133,-10
Adenostoma fasciculatum,46.56709227,-10
Adenostoma fasciculatum,46.56709227,-10
Adenostoma fasciculatum,46.56709227,-10
Adenostoma fasciculatum,46.40971489,-10
Adenostoma fasciculatum,47.25751472,-10
Ceanothus megacarpus,57.54357844,-7.819
Adenostoma fasciculatum,42.4091442,-10
Adenostoma fasciculatum,42.4091442,-10
Ceanothus megacarpus,38.70813397,-10
Ceanothus megacarpus,44.47574965,-9.18
Arctostaphylos patula,99.60955443,-1.674
Ceanothus cordulatus,90.92627599,-2
Ceanothus cordulatus,51.42237876,-7.354
Quercus kelloggii,72.09042702,-6.166
Pinus jeffreyii,96.41509434,-3.31
Abies concolor,187.3278237,-0.208
Arctostaphylos patula,115.8615538,-0.072
Pinus jeffreyii,149.3767591,-2.039
Calocedrus decurrens,91.27261187,-2.323
Pinus jeffreyii,106.4362336,-3.804
Arctostaphylos patula,134.1844398,-3.432
Ceanothus cordulatus,82.1880651,-3.827
Arctostaphylos patula,110.3286385,-2.051
Ceanothus cordulatus,101.8812463,-1.005
Pinus jeffreyii,138.7149918,-0.059
Quercus kelloggii,75.14688602,-4.251
Arctostaphylos patula,76.06521441,-4.802
Quercus kelloggii,123.6203091,-1.777
Calocedrus decurrens,71.86846039,-4.22
Arctostaphylos patula,115.8615538,-0.072
Abies concolor,120.8792966,-2.509
Pinus jeffreyii,119.6867322,-2.587
Ceanothus cordulatus,35.65905413,-8.25
Calocedrus decurrens,135.022700305071,-0.596
Calocedrus decurrens,101.7971612,-2.844
Abies concolor,129.6706458,-3.227
Abies concolor,136.1752988,-3.01
Ceanothus cordulatus,51.42237876,-7.354
Abies concolor,167.4635332,-0.987
Ceanothus cordulatus,82.1880651,-3.827
Quercus kelloggii,75.14688602,-4.251
Pinus jeffreyii,170.0417537,-1.014
Abies concolor,102.1890128,-3.62
Abies concolor,143.9111262,-2.187
Ceanothus cordulatus,87.14517437,-2.846
Calocedrus decurrens,150.9893892,-0.336
Calocedrus decurrens,110.8921645,-2.297
Calocedrus decurrens,87.37652528,-2.875
Abies concolor,182.6067812,-0.698
Calocedrus decurrens,121.1375212,-1.271
Ceanothus cordulatus,35.65905413,-8.25
Pinus jeffreyii,131.6837658,-3.609
Arctostaphylos patula,88.39779006,-4.008
Arctostaphylos patula,95.97623548,-3.025
Ceanothus cordulatus,110.6707317,-0.486
Arctostaphylos patula,71.06050532,-5.761
Arctostaphylos patula,76.06521441,-4.802
Quercus kelloggii,131.9553806,-1.432
Quercus kelloggii,94.57466421,-4.962
Quercus kelloggii,94.57466421,-4.962
Abies concolor,187.3278237,-0.208
Pinus jeffreyii,138.7149918,-0.059
Pinus jeffreyii,170.0417537,-1.014
Abies concolor,182.6067812,-0.698
Quercus kelloggii,72.09042702,-6.166
Pinus jeffreyii,149.3767591,-2.039
Quercus kelloggii,52.60586319,-7.126
Arctostaphylos patula,71.06050532,-5.761
Pinus jeffreyii,137.5366569,-2.891
Abies concolor,167.4635332,-0.987
Ceanothus cordulatus,87.14517437,-2.846
Arctostaphylos patula,95.97623548,-3.025
Arctostaphylos patula,88.39779006,-4.008
Ceanothus cordulatus,110.6707317,-0.486
Arctostaphylos patula,99.60955443,-1.674
Quercus kelloggii,136.4646465,-0.21
Quercus kelloggii,136.4646465,-0.21
Ceanothus cordulatus,101.8812463,-1.005
Quercus kelloggii,122.8304406,-3.001
Quercus kelloggii,122.8304406,-3.001
Arctostaphylos patula,110.3286385,-2.051
Ceanothus cordulatus,67.19626168,-4.418
Ceanothus cordulatus,67.19626168,-4.418
Abies concolor,143.9111262,-2.187
Arctostaphylos patula,134.1844398,-3.432
Arctostaphylos patula,87.20588235,-4.139
Ceanothus cordulatus,124.6845858,-0.152
Pinus jeffreyii,141.1518325,-2.906
Quercus kelloggii,93.53233831,-1.457
Arctostaphylos patula,82.86189684,-4.9
Pinus jeffreyii,133.1919406,-3.333
Pinus jeffreyii,122.9087452,-3.716
Quercus kelloggii,161.2939417,-0.106
Pinus jeffreyii,146.9850587,-1.786
Quercus kelloggii,138.9121339,-1.003
Quercus kelloggii,102.0126509,-3.443
Arctostaphylos patula,167.6336375,-3.538
Calocedrus decurrens,102.0672334,-2.471
Calocedrus decurrens,51.8957346,-5
Abies concolor,146.0624071,-1.784
Ceanothus cordulatus,124.6845858,-0.152
Calocedrus decurrens,121.9884933,-1.212
Pinus jeffreyii,174.4179014,-1.117
Abies concolor,165.0322119,-1.223
Abies concolor,200.2079002,-0.261
Abies concolor,122.3776224,-2.991
Pinus jeffreyii,169.1558442,-0.512
Abies concolor,105.8375635,-3.822
Ceanothus cordulatus,64.94023904,-5.301
Ceanothus cordulatus,90.95744681,-1.452
Abies concolor,113.25012,-3.467
Quercus kelloggii,93.53233831,-1.457
Arctostaphylos patula,110.7378401,-1.859
Calocedrus decurrens,133.4392375,-0.994
Calocedrus decurrens,88.58926342,-3.296
Calocedrus decurrens,116.722478,-1.909
Arctostaphylos patula,110.7378401,-1.859
Ceanothus cordulatus,74.91313412,-4.157
Ceanothus cordulatus,86.7174160954459,-3.229
Abies concolor,157.234315,-2.674
Quercus kelloggii,138.9121339,-1.003
Pinus jeffreyii,105.6876457,-3.201
Arctostaphylos patula,72.67358626,-5.802
Calocedrus decurrens,133.4392375,-0.994
Abies concolor,140.3123838,-2.738
Arctostaphylos patula,87.20588235,-4.139
Pinus jeffreyii,138.1393476,-1.466
Calocedrus decurrens,124.7148289,-1.251
Ceanothus cordulatus,86.7174160954459,-3.229
Arctostaphylos patula,145.1628825,-2.006
Ceanothus cordulatus,47.8400467,-8.5
Ceanothus cordulatus,69.30913722,-0.664
Calocedrus decurrens,161.4745587,-0.318
Pinus jeffreyii,141.1518325,-2.906
Arctostaphylos patula,112.1722846,-0.109
Arctostaphylos patula,112.1722846,-0.109
Quercus kelloggii,102.0126509,-3.443
Abies concolor,200.2079002,-0.261
Pinus jeffreyii,169.1558442,-0.512
Quercus kelloggii,83.67546432,-5.687
Quercus kelloggii,83.67546432,-5.687
Pinus jeffreyii,174.4179014,-1.117
Abies concolor,165.0322119,-1.223
Quercus kelloggii,94.4021025,-4.001
Quercus kelloggii,75.79143389,-7.493
Arctostaphylos patula,72.67358626,-5.802
Pinus jeffreyii,146.9850587,-1.786
Ceanothus cordulatus,74.91313412,-4.157
Ceanothus cordulatus,47.8400467,-8.5
Arctostaphylos patula,145.1628825,-2.006
Arctostaphylos patula,82.86189684,-4.9
Ceanothus cordulatus,64.94023904,-5.301
Quercus kelloggii,161.2939417,-0.106
Ceanothus cordulatus,69.30913722,-0.664
Ceanothus cordulatus,90.95744681,-1.452
Abies concolor,146.0624071,-1.784
Arctostaphylos patula,74.49468085,-5.978
Quercus kelloggii,97.24696356,-4.883
Quercus kelloggii,74.75928473,-7.116
Arctostaphylos patula,75.26529037,-5.558
Pinus jeffreyii,108.8312369,-3.501
Quercus kelloggii,102.1552915,-3.728
Abies concolor,191.840796,-0.112
Pinus jeffreyii,148.3961508,-0.812
Pinus jeffreyii,122.3776224,-3.007
Quercus kelloggii,134.3013699,-1.369
Quercus kelloggii,52.40929705,-3.4
Abies concolor,151.0797581,-2.755
Quercus kelloggii,97.24696356,-4.883
Abies concolor,148.6011905,-2.61
Quercus kelloggii,102.1552915,-3.728
Abies concolor,165.5562958,-2.223
Ceanothus cordulatus,71.73038229,-4.884
Quercus kelloggii,163.2308846,-1.969
Pinus jeffreyii,167.6606061,-0.314
Calocedrus decurrens,86.6773492,-3.416
Ceanothus cordulatus,59.03554561,-6.513
Abies concolor,133.2172261,-2.961
Abies concolor,94.39925633,-3.377
Arctostaphylos patula,120.0420168,-2.283
Ceanothus cordulatus,89.40914158,-3.338
Calocedrus decurrens,132.1054123,-0.682
Calocedrus decurrens,102.022792,-3.528
Ceanothus cordulatus,77.26681128,-2.003
Calocedrus decurrens,119.1923916,-2.091
Ceanothus cordulatus,77.26681128,-2.003
Pinus jeffreyii,96.59353349,-3.761
Ceanothus cordulatus,100.9353396,-1.037
Ceanothus cordulatus,71.73038229,-4.884
Calocedrus decurrens,95.37712895,-2.661
Calocedrus decurrens,133.2118267,-1.802
Abies concolor,131.3047634,-1.821
Ceanothus cordulatus,51.81236674,-8
Ceanothus cordulatus,51.81236674,-8
Pinus jeffreyii,122.3776224,-3.007
Pinus jeffreyii,112.3178808,-3.748
Arctostaphylos patula,84.92503594,-4.883
Calocedrus decurrens,90.77726218,-5.176
Arctostaphylos patula,84.92503594,-4.883
Calocedrus decurrens,123.1968811,-1.38
Abies concolor,173.6986301,-1.117
Pinus jeffreyii,146.4377999,-1.68
Calocedrus decurrens,71.19629484,-6.316
Arctostaphylos patula,128.18013,-0.113
Ceanothus cordulatus,118.2514359,-0.58
Arctostaphylos patula,75.26529037,-5.558
Arctostaphylos patula,95.36850584,-3.749
Quercus kelloggii,52.40929705,-3.4
Abies concolor,191.840796,-0.112
Pinus jeffreyii,167.6606061,-0.314
Pinus jeffreyii,148.3961508,-0.812
Abies concolor,173.6986301,-1.117
Quercus kelloggii,74.75928473,-7.116
Pinus jeffreyii,146.4377999,-1.68
Quercus kelloggii,81.32422803,-5.668
Quercus kelloggii,81.32422803,-5.668
Pinus jeffreyii,121.0147823,-2.117
Pinus jeffreyii,121.0147823,-2.117
Arctostaphylos patula,74.49468085,-5.978
Arctostaphylos patula,90.82503556,-4.144
Arctostaphylos patula,90.82503556,-4.144
Ceanothus cordulatus,89.40914158,-3.338
Arctostaphylos patula,95.36850584,-3.749
Ceanothus cordulatus,118.2514359,-0.58
Ceanothus cordulatus,71.73038229,-4.884
Arctostaphylos patula,128.18013,-0.113
Quercus kelloggii,145.8249158,-0.302
Quercus kelloggii,145.8249158,-0.302
Ceanothus cordulatus,100.9353396,-1.037
Ceanothus cordulatus,100.9353396,-1.037
Quercus kelloggii,163.2308846,-1.969
Quercus kelloggii,134.3013699,-1.369
Arctostaphylos patula,120.0420168,-2.283
Abies concolor,165.5562958,-2.223
Ceanothus cordulatus,59.03554561,-6.513
Arctostaphylos patula,66.5884361,-5.588
Arctostaphylos patula,66.5884361,-5.588
Ceanothus cordulatus,57.44680851,-8
Pinus jeffreyii,144.7640967,-2.871
Quercus kelloggii,101.8829308,-2.206
Quercus kelloggii,78.20025349,-4.008
Quercus kelloggii,141.9338551,-0.101
Pinus jeffreyii,122.634041,-3.987
Quercus kelloggii,65.86245772,-7.222
Quercus kelloggii,98.95527261,-1.302
Abies concolor,131.2541694,-2.662
Arctostaphylos patula,44.49815183,-3.377
Abies concolor,100.2557545,-3.476
Pinus jeffreyii,144.3765621,-0.298
Abies concolor,131.374295,-0.312
Pinus jeffreyii,160.3111288,-0.538
Abies concolor,154.1560645,-2.437
Quercus kelloggii,74.74636083,-6.412
Abies concolor,131.374295,-0.312
Calocedrus decurrens,96.12940497,-2.941
Pinus jeffreyii,73.67081827,-3.034
Quercus kelloggii,92.13861386,-4.7
Arctostaphylos patula,44.49815183,-3.377
Abies concolor,174,-1.243
Abies concolor,116.6593599,-3.109
Calocedrus decurrens,131.9970712,-2.224
Quercus kelloggii,78.20025349,-4.008
Calocedrus decurrens,151.9475358,-0.218
Calocedrus decurrens,112.1617107,-2.7
Quercus kelloggii,101.8829308,-2.206
Abies concolor,107.1895425,-3.283
Abies concolor,145.9880789,-2.352
Quercus kelloggii,69.71511148,-6.255
Arctostaphylos patula,125.7525084,-0.134
Ceanothus cordulatus,130.4599659,-0.384
Quercus kelloggii,74.74636083,-6.412
Ceanothus cordulatus,68.15415822,-5.098
Ceanothus cordulatus,68.15415822,-5.098
Calocedrus decurrens,81.68757127,-3.966
Arctostaphylos patula,124.516129,-0.743
Ceanothus cordulatus,110.8817355,-1.293
Calocedrus decurrens,133.6162188,-0.925
Calocedrus decurrens,131.8774644,-1.234
Arctostaphylos patula,44.49815183,-3.377
Quercus kelloggii,92.13861386,-4.7
Arctostaphylos patula,127.0564584,-2.047
Ceanothus cordulatus,130.4599659,-0.384
Ceanothus cordulatus,81.04964539,-3.872
Ceanothus cordulatus,61.47123088,-6.632
Arctostaphylos patula,84.00154949,-4.931
Arctostaphylos patula,84.00154949,-4.931
Ceanothus cordulatus,85.70658037,-3.302
Arctostaphylos patula,98.41703057,-4.063
Pinus jeffreyii,120.28319094179,-3.487
Pinus jeffreyii,141.8796592,-2.291
Ceanothus cordulatus,61.47123088,-6.632
Pinus jeffreyii,144.3765621,-0.298
Quercus kelloggii,90.96028453,-3.004
Pinus jeffreyii,160.3111288,-0.538
Quercus kelloggii,69.71511148,-6.255
Pinus jeffreyii,141.8796592,-2.291
Abies concolor,174,-1.243
Quercus kelloggii,65.86245772,-7.222
Ceanothus cordulatus,81.04964539,-3.872
Ceanothus cordulatus,85.70658037,-3.302
Arctostaphylos patula,124.516129,-0.743
Ceanothus cordulatus,57.44680851,-8
Arctostaphylos patula,125.7525084,-0.134
Quercus kelloggii,141.9338551,-0.101
Ceanothus cordulatus,110.8817355,-1.293
Ceanothus cordulatus,110.8817355,-1.293
Arctostaphylos patula,98.41703057,-4.063
Quercus kelloggii,98.95527261,-1.302
Arctostaphylos patula,127.0564584,-2.047
Abies concolor,154.1560645,-2.437
Ceanothus cordulatus,80.83119309,-4.225
Quercus kelloggii,116.9339494,-3.983
Quercus kelloggii,100.3237198,-3.192
Quercus kelloggii,88.5193133,-5.104
Quercus kelloggii,91.37753349,-5.738
Pinus jeffreyii,84.30813124,-4.25
Quercus kelloggii,63.02058401,-7.955
Abies concolor,177.1719375,-1.083
Quercus kelloggii,116.9339494,-3.983
Abies concolor,132.0783711,-1.517
Pinus jeffreyii,129.2385248,-3.335
Pinus jeffreyii,138.9703588,-2.652
Quercus kelloggii,82.6048951,-5.508
Quercus kelloggii,63.02058401,-7.955
Arctostaphylos patula,143.8068756,-1.382
Arctostaphylos patula,101.98712570000001,-3.128
Abies concolor,146.8852459,-2.637
Calocedrus decurrens,104.3433512,-2.795
Pinus jeffreyii,128.4719974,-2.789
Abies concolor,128.7169043,-2.94
Abies concolor,146.7383247,-2.518
Calocedrus decurrens,71.03064067,-5.086
Calocedrus decurrens,96.25740442,-3.071
Calocedrus decurrens,120.7683943,-2.413
Pinus jeffreyii,151.557956,-0.912
Ceanothus cordulatus,64.86384266,-4.495
Abies concolor,115.021628,-3.02
Pinus jeffreyii,67.58948546,-5.301
Pinus jeffreyii,129.2385248,-3.335
Calocedrus decurrens,128.762215,-2.391
Calocedrus decurrens,129.7778926,-0.258
Quercus kelloggii,82.6048951,-5.508
Quercus kelloggii,100.3237198,-3.192
Abies concolor,181.1521812,-0.179
Ceanothus cordulatus,106.2035541,-0.756
Arctostaphylos patula,99.48361024,-2.108
Calocedrus decurrens,141.0973837,-1.216
Calocedrus decurrens,132.1491228,-1.932
Abies concolor,113.2509826,-3.224
Ceanothus cordulatus,90.80161476,-3.267
Ceanothus cordulatus,80.83119309,-4.225
Pinus jeffreyii,161.2182502,-0.197
Ceanothus cordulatus,57.76793132,-6.664
Ceanothus cordulatus,64.86384266,-4.495
Quercus kelloggii,152.2259136,-0.309
Arctostaphylos patula,99.48361024,-2.108
Ceanothus cordulatus,118.3898305,-0.183
Arctostaphylos patula,143.8068756,-1.382
Arctostaphylos patula,119.9227373,-0.998
Ceanothus cordulatus,105.243958,-1.652
Arctostaphylos patula,125.0844912,-0.084
Arctostaphylos patula,101.98712570000001,-3.128
Ceanothus cordulatus,50,-8
Ceanothus cordulatus,90.80161476,-3.267
Pinus jeffreyii,132.0231214,-3.218
Ceanothus cordulatus,50,-8
Abies concolor,146.7383247,-2.518
Pinus jeffreyii,132.0231214,-3.218
Abies concolor,181.1521812,-0.179
Pinus jeffreyii,161.2182502,-0.197
Pinus jeffreyii,128.4719974,-2.789
Quercus kelloggii,88.5193133,-5.104
Pinus jeffreyii,151.557956,-0.912
Quercus kelloggii,91.37753349,-5.738
Arctostaphylos patula,84.41305407,-4.251
Pinus jeffreyii,138.9703588,-2.652
Abies concolor,132.0783711,-1.517
Abies concolor,177.1719375,-1.083
Ceanothus cordulatus,105.243958,-1.652
Ceanothus cordulatus,57.76793132,-6.664
Ceanothus cordulatus,118.3898305,-0.183
Arctostaphylos patula,125.0844912,-0.084
Quercus kelloggii,152.2259136,-0.309
Ceanothus cordulatus,106.2035541,-0.756
Ceanothus cordulatus,106.2035541,-0.756
Arctostaphylos patula,119.9227373,-0.998
Ceanothus cordulatus,96.20970599,-2.84
Quercus kelloggii,101.031240880197,-3.901
Quercus kelloggii,112.6765941,-3.998
Quercus kelloggii,129.9104478,-0.89
Pinus jeffreyii,132.8984562,-2.182
Pinus jeffreyii,114.3700207,-3.702
Pinus jeffreyii,109.3504344,-3.468
Quercus kelloggii,142.4321503,-0.224
Pinus jeffreyii,89.8940865,-3.99
Pinus jeffreyii,163.4645669,-1.089
Quercus kelloggii,35.32684284,-8
Quercus kelloggii,100.3870968,-4.725
Calocedrus decurrens,120.4025257,-0.612
Abies concolor,164.9851632,-1.278
Abies concolor,189.7634742,-2.313
Quercus kelloggii,142.4321503,-0.224
Calocedrus decurrens,98.95144746,-2.949
Abies concolor,109.7012173,-3.661
Pinus jeffreyii,155.7146324,-0.337
Pinus jeffreyii,109.3504344,-3.468
Abies concolor,117.1981181,-3.452
Abies concolor,143.6964116,-0.106
Calocedrus decurrens,116.957606,-1.784
Calocedrus decurrens,48.72182345,-1.949
Ceanothus cordulatus,57.43785851,-9
Abies concolor,115.4194079,-3.04
Ceanothus cordulatus,57.43785851,-9
Calocedrus decurrens,78.12413793,-3.761
Ceanothus cordulatus,57.74559194,-1.841
Calocedrus decurrens,127.8839221,-0.2
Quercus kelloggii,35.32684284,-8
Ceanothus cordulatus,86.60054864,-5.326
Arctostaphylos patula,91.95969125,-3.801
Pinus jeffreyii,129.3772416,-2.773
Calocedrus decurrens,129.0838068,-0.673
Ceanothus cordulatus,57.74559194,-1.841
Ceanothus cordulatus,83.7044055,-4.08
Abies concolor,129.553057062265,-2.907
Abies concolor,159.561278,-2.485
Quercus kelloggii,101.031240880197,-3.901
Arctostaphylos patula,106.4476886,-0.781
Ceanothus cordulatus,83.7044055,-4.08
Calocedrus decurrens,102.5211535,-2.783
Ceanothus cordulatus,105.0582465,-0.73
Arctostaphylos patula,123.8374096,-2.137
Ceanothus cordulatus,105.0582465,-0.73
Ceanothus cordulatus,86.60054864,-5.326
Pinus jeffreyii,103.8574329,-4.071
Calocedrus decurrens,84.16188209,-3.3
Arctostaphylos patula,94.97953615,-3.484
Ceanothus cordulatus,128.1349749,-0.138
Arctostaphylos patula,107.4027073,-1.542
Pinus jeffreyii,132.8984562,-2.182
Arctostaphylos patula,114.1684665,-0.186
Quercus kelloggii,118.879056,-1.753
Quercus kelloggii,90.95460614,-6.553
Quercus kelloggii,112.6765941,-3.998
Quercus kelloggii,129.9104478,-0.89
Pinus jeffreyii,129.3772416,-2.773
Arctostaphylos patula,75.99766968,-5.01
Arctostaphylos patula,75.99766968,-5.01
Abies concolor,143.6964116,-0.106
Pinus jeffreyii,155.7146324,-0.337
Pinus jeffreyii,163.4645669,-1.089
Arctostaphylos patula,91.95969125,-3.801
Quercus kelloggii,100.3870968,-4.725
Pinus jeffreyii,103.8574329,-4.071
Arctostaphylos patula,62.89602381,-6.505
Abies concolor,164.9851632,-1.278
Arctostaphylos patula,107.4027073,-1.542
Ceanothus cordulatus,96.20970599,-2.84
Arctostaphylos patula,94.97953615,-3.484
Ceanothus cordulatus,128.1349749,-0.138
Arctostaphylos patula,114.1684665,-0.186
Arctostaphylos patula,123.8374096,-2.137
Quercus kelloggii,118.879056,-1.753
Arctostaphylos patula,106.4476886,-0.781
Quercus kelloggii,107.4933095,-3.528
Quercus kelloggii,99.53445065,-5.016
Pinus jeffreyii,139.4361171,-2.794
Pinus jeffreyii,128.3185841,-2.889
Quercus kelloggii,30.33926585,-8.25
Quercus kelloggii,63.64861223,-6.321
Pinus jeffreyii,110.1831251,-3.992
Quercus kelloggii,148.8646685,-0.235
Quercus kelloggii,152.5632706,-0.982
Quercus kelloggii,105.9469027,-3.312
Quercus kelloggii,105.9469027,-3.312
Pinus jeffreyii,167.3132184,-0.356
Quercus kelloggii,109.476662,-2.027
Pinus jeffreyii,128.3654912,-2.786
Pinus jeffreyii,140.5385996,-2.01
Quercus kelloggii,30.33926585,-8.25
Quercus kelloggii,109.476662,-2.027
Pinus jeffreyii,104.4130892,-3.668
Pinus jeffreyii,123.2162765,-3.789
Pinus jeffreyii,128.3654912,-2.786
Pinus jeffreyii,167.3132184,-0.356
Pinus jeffreyii,140.5385996,-2.01
Quercus kelloggii,63.64861223,-6.321
Quercus kelloggii,99.53445065,-5.016
Quercus kelloggii,148.8646685,-0.235
Quercus kelloggii,152.5632706,-0.982
Quercus kelloggii,113.5262206,-2.445
Pinus jeffreyii,119.9895525,-3.563
Pinus jeffreyii,130.3972758,-2.232
Pinus jeffreyii,129.0542311,-4.468
Pinus jeffreyii,94.9608444,-4.339
Quercus kelloggii,103.4313725,-2.808
Pinus jeffreyii,149.3987976,-1.094
Pinus jeffreyii,138.048369,-3.089
Pinus jeffreyii,106.6319143,-0.342
Quercus kelloggii,109.4988781,-4.761
Pinus jeffreyii,122.0210665,-2.489
Quercus kelloggii,113.5262206,-2.445
Quercus kelloggii,109.4988781,-4.761
Pinus jeffreyii,130.3972758,-2.232
Pinus jeffreyii,138.048369,-3.089
Quercus kelloggii,81.99940494,-5.398
Quercus kelloggii,103.4313725,-2.808
Quercus kelloggii,53.93438862,-6.608
Quercus kelloggii,53.93438862,-6.608
Pinus jeffreyii,106.6319143,-0.342
Pinus jeffreyii,149.3987976,-1.094
Pinus jeffreyii,129.0542311,-4.468
Pinus jeffreyii,130.3972758,-2.232
Quercus kelloggii,149.2810927,-0.443
Quercus kelloggii,149.2810927,-0.443
Quercus kelloggii,162.0715918,-1.402
Quercus kelloggii,162.0715918,-1.402
Quercus kelloggii,151.9797276,-0.706
Quercus kelloggii,91.27173542,-5.542
Pinus jeffreyii,115.4129054,-3.805
Pinus jeffreyii,127.9491133,-4.285
Quercus kelloggii,107.9230334,-2.498
Pinus jeffreyii,169.8667892,-0.744
Pinus jeffreyii,149.8314752,-2.684
Pinus jeffreyii,120.7798383,-2.891
Quercus kelloggii,107.9230334,-2.498
Pinus jeffreyii,141.979835,-2.376
Quercus kelloggii,131.6494845,-1.885
Quercus kelloggii,131.6494845,-1.885
Pinus jeffreyii,177.7408638,-0.401
Quercus kelloggii,42.4259208,-5.789
Pinus jeffreyii,140.8064516,-3.636
Quercus kelloggii,42.4259208,-5.789
Quercus kelloggii,151.9797276,-0.706
Pinus jeffreyii,177.7408638,-0.401
Pinus jeffreyii,141.979835,-2.376
Pinus jeffreyii,169.8667892,-0.744
Quercus kelloggii,43.30590875,-8.5
Pinus jeffreyii,149.8314752,-2.684
Quercus kelloggii,171.8429273,-0.179
Quercus kelloggii,171.8429273,-0.179
Ceanothus cordulatus,24.51293981,-9
Arctostaphylos patula,70.70874862,-5.318
Ceanothus cordulatus,24.51293981,-9
Abies concolor,180.3030303,-0.995
Calocedrus decurrens,81.54031772,-3.919
Calocedrus decurrens,93.48560079,-2.461
Abies concolor,64.23272159,-4.714
Calocedrus decurrens,102.2511432,-3.037
Abies concolor,123.9273927,-1.769
Arctostaphylos patula,84.96691481,-1.038
Arctostaphylos patula,22.99791605,-0.13
Arctostaphylos patula,80.58469092,-5.948
Ceanothus cordulatus,107.4008811,-0.311
Calocedrus decurrens,127.8910007,-1.768
Abies concolor,93.86503067,-3.061
Arctostaphylos patula,84.75991649,-2.556
Calocedrus decurrens,122.2691045,-2.192
Arctostaphylos patula,70.70874862,-5.318
Calocedrus decurrens,55.9023408,-6.708
Calocedrus decurrens,96.19500595,-4.171
Ceanothus cordulatus,107.4008811,-0.311
Ceanothus cordulatus,63.10144039,-3.995
Abies concolor,144.363104,-2.701
Abies concolor,116.1696179,-2.592
Ceanothus cordulatus,104.1194645,-1.321
Abies concolor,174.6666667,-0.155
Arctostaphylos patula,84.96691481,-1.038
Ceanothus cordulatus,63.10144039,-3.995
Arctostaphylos patula,80.58469092,-5.948
Ceanothus cordulatus,70.75606277,-6.051
Calocedrus decurrens,151.0759919,-0.18
Ceanothus cordulatus,63.94120349,-7.167
Arctostaphylos patula,104.319603465587,-1.954
Arctostaphylos patula,84.75991649,-2.556
Ceanothus cordulatus,87.86797502,-1.882
Abies concolor,174.6666667,-0.155
Abies concolor,180.3030303,-0.995
Ceanothus cordulatus,70.75606277,-6.051
Ceanothus cordulatus,70.75606277,-6.051
Ceanothus cordulatus,87.86797502,-1.882
Arctostaphylos patula,22.99791605,-0.13
Ceanothus cordulatus,63.94120349,-7.167
Ceanothus cordulatus,104.1194645,-1.321
Arctostaphylos patula,104.319603465587,-1.954
Ceanothus cordulatus,106.2539482,-1.088
Abies concolor,158.7854833,-2.262
Ceanothus cordulatus,68.0432645,-3.898
Abies concolor,184.5419019,-0.164
Abies concolor,154.4204322,-2.225
Abies concolor,93.35400975,-4.498
Abies concolor,180.3813038,-0.7282
Abies concolor,120.1553931,-2.843
Calocedrus decurrens,119.1984486,-1.009
Abies concolor,157.138786,-2.4
Arctostaphylos patula,170.5291971,-1.212
Calocedrus decurrens,139.6958411,-0.774
Calocedrus decurrens,116.8100681,-2.871
Calocedrus decurrens,83.57766143,-4.018
Ceanothus cordulatus,113.4615385,-0.199
Ceanothus cordulatus,45.84165003,-9
Abies concolor,114.5489443,-3.489
Ceanothus cordulatus,65.39064951,-5.05
Ceanothus cordulatus,113.4615385,-0.199
Calocedrus decurrens,83.61344538,-3.129
Ceanothus cordulatus,112.5228519,-0.906
Ceanothus cordulatus,86.48648649,-2.724
Arctostaphylos patula,107.4138792,-0.098
Calocedrus decurrens,111.1423915,-0.998
Arctostaphylos patula,86.23481781,-2.208
Arctostaphylos patula,78.97819063,-4.78
Calocedrus decurrens,128.0448319,-1.127
Calocedrus decurrens,103.1925676,-2.601
Calocedrus decurrens,109.8697487,-2.02
Ceanothus cordulatus,68.0432645,-3.898
Abies concolor,184.5419019,-0.164
Arctostaphylos patula,79.67062157,-4.78
Arctostaphylos patula,79.67062157,-4.78
Abies concolor,180.3813038,-0.7282
Arctostaphylos patula,121.5851941,-3.298
Ceanothus cordulatus,106.2539482,-1.088
Arctostaphylos patula,86.23481781,-2.208
Arctostaphylos patula,107.4138792,-0.098
Ceanothus cordulatus,112.5228519,-0.906
Arctostaphylos patula,170.5291971,-1.212
Abies concolor,111.5264798,-3.349
Abies concolor,161.9933238,-0.798
Abies concolor,156.744579,-2.2
Ceanothus cordulatus,81.45108339,-2.983
Abies concolor,181.2757974,-0.192
Ceanothus cordulatus,73.10855263,-4.046
Ceanothus cordulatus,108.4795322,-0.775
Calocedrus decurrens,123.184459,-0.301
Calocedrus decurrens,114.5935728,-2.684
Ceanothus cordulatus,95.05094614,-2.474
Abies concolor,130.751936,-2.759
Arctostaphylos patula,102.1771109,-0.124
Ceanothus cordulatus,104.5765387,-0.107
Abies concolor,98.26746075,-4.048
Calocedrus decurrens,99.12715517,-1.58
Ceanothus cordulatus,81.45108339,-2.983
Ceanothus cordulatus,73.10855263,-4.046
Calocedrus decurrens,60.10801343,-6.08
Arctostaphylos patula,77.61262291,-4.467
Calocedrus decurrens,101.5276631,-2.937
Ceanothus cordulatus,55.9663437,-5.94
Abies concolor,124.1585233,-3.361
Abies concolor,112.1657361,-3.148
Calocedrus decurrens,132.6933936,-1.52
Calocedrus decurrens,118.140965,-1.721
Ceanothus cordulatus,53.98639456,-9
Arctostaphylos patula,109.7751873,-1.262
Arctostaphylos patula,47.46774194,-5.401
Arctostaphylos patula,123.8226559,-0.895
Calocedrus decurrens,125.5093379,-1.224
Abies concolor,181.2757974,-0.192
Arctostaphylos patula,70.18411183,-4.603
Ceanothus cordulatus,55.9663437,-5.94
Abies concolor,161.9933238,-0.798
Arctostaphylos patula,85.09040334,-3.964
Arctostaphylos patula,85.09040334,-3.964
Arctostaphylos patula,123.8226559,-0.895
Ceanothus cordulatus,53.98639456,-9
Ceanothus cordulatus,104.5765387,-0.107
Arctostaphylos patula,102.1771109,-0.124
Ceanothus cordulatus,95.05094614,-2.474
Arctostaphylos patula,77.61262291,-4.467
Ceanothus cordulatus,108.4795322,-0.775
Arctostaphylos patula,109.7751873,-1.262
Ceanothus cordulatus,61.6872428,-7.2
Arctostaphylos patula,100.3858211,-4.224
Abies concolor,137.43148,-2.934
Ceanothus cordulatus,123.5459286,-0.169
Abies concolor,155.8872305,-2.182
Abies concolor,129.9528302,-2.897
Arctostaphylos patula,100.3858211,-4.224
Calocedrus decurrens,142.2244339,-0.154
Calocedrus decurrens,126.1800361,-1.209
Arctostaphylos patula,90.79639369,-2.671
Calocedrus decurrens,125.1348183,-1.72
Abies concolor,133.4739379,-2.082
Arctostaphylos patula,109.4005896,-0.046
Abies concolor,197.2067039,-0.192
Calocedrus decurrens,112.811245,-2.404
Calocedrus decurrens,88.80042463,-3.729
Abies concolor,162.2038253,-2.487
Abies concolor,115.2752649,-4.145
Ceanothus cordulatus,93.60818153,-0.854
Ceanothus cordulatus,123.5459286,-0.169
Calocedrus decurrens,82.32488074,-4.413
Abies concolor,150.0223914,-2.494
Ceanothus cordulatus,48.4223965,-5.626
Calocedrus decurrens,48.16482774,-7.685
Arctostaphylos patula,56.58802178,-6.578
Calocedrus decurrens,109.2066601,-2.761
Ceanothus cordulatus,80.06003431,-4.574
Ceanothus cordulatus,80.06003431,-4.574
Arctostaphylos patula,77.29566095,-6.954
Arctostaphylos patula,90.79639369,-2.671
Arctostaphylos patula,97.52355906,-1.218
Arctostaphylos patula,85.17414789,-4.2
Arctostaphylos patula,95.83764755,-2.804
Ceanothus cordulatus,75.3679047,-3.998
Arctostaphylos patula,85.17414789,-4.2
Arctostaphylos patula,77.29566095,-6.954
Abies concolor,197.2067039,-0.192
Arctostaphylos patula,56.58802178,-6.578
Abies concolor,155.8872305,-2.182
Ceanothus cordulatus,75.3679047,-3.998
Arctostaphylos patula,97.52355906,-1.218
Ceanothus cordulatus,48.4223965,-5.626
Ceanothus cordulatus,94.06691963,-2.274
Ceanothus cordulatus,94.06691963,-2.274
Ceanothus cordulatus,61.6872428,-7.2
Arctostaphylos patula,109.4005896,-0.046
Arctostaphylos patula,95.83764755,-2.804
Ceanothus cordulatus,93.60818153,-0.854
Ceanothus cordulatus,93.60818153,-0.854
Arctostaphylos patula,111.6273471,-0.11
Abies concolor,123.3785822,-2.888
Calocedrus decurrens,158.2789179,-0.308
Calocedrus decurrens,79.54830615,-6
Calocedrus decurrens,93.18369028,-2.899
Arctostaphylos patula,110.7422338,-2.164
Abies concolor,118.8759516,-3.379
Calocedrus decurrens,136.416185,-0.886
Abies concolor,153.3731853,-2.59
Abies concolor,147.525217,-2.884
Calocedrus decurrens,126.5993266,-2.305
Ceanothus cordulatus,100.4243827,-1.648
Ceanothus cordulatus,70.38404727,-5.245
Abies concolor,147.2995639,-2.447
Arctostaphylos patula,95.08750384,-3.564
Calocedrus decurrens,136.4261168,-0.901
Calocedrus decurrens,127.2907489,-1.916
Abies concolor,158.0711354,-0.152
Ceanothus cordulatus,82.25032708,-3.953
Ceanothus cordulatus,109.1390261,-1.561
Calocedrus decurrens,78.86977887,-4.879
Abies concolor,128.9180766,-3.24
Abies concolor,168.1119649,-0.992
Abies concolor,30.42667771,-4.888
Arctostaphylos patula,79.76852882,-4.637
Arctostaphylos patula,79.76852882,-4.637
Ceanothus cordulatus,100.4243827,-1.648
Arctostaphylos patula,95.08750384,-3.564
Ceanothus cordulatus,125.7065217,-0.138
Arctostaphylos patula,99.64625249,-1.998
Ceanothus cordulatus,60.05597015,-6.938
Arctostaphylos patula,77.29566095,-6.954
Arctostaphylos patula,88.04037006,-3.725
Arctostaphylos patula,88.04037006,-3.725
Abies concolor,168.1119649,-0.992
Ceanothus cordulatus,82.25032708,-3.953
Arctostaphylos patula,110.7422338,-2.164
Ceanothus cordulatus,36.62471765,-9
Ceanothus cordulatus,36.62471765,-9
Ceanothus cordulatus,70.38404727,-5.245
Ceanothus cordulatus,125.7065217,-0.138
Arctostaphylos patula,111.6273471,-0.11
Arctostaphylos patula,79.76852882,-4.637
